country,window,n,n_wt,median_hourly,limited_pct,city_prop
Africa,2012-2016,61,2589,23.38566322139134,8.342989571263036,0.39088451139436076
Africa,2017-2021,70,4244,18.953701859697947,18.11969839773798,0.3944392082940622
Albania,2012-2016,84,2380,19.289087656450707,22.77310924369748,0.6735294117647059
Albania,2017-2021,103,3689,24.29961776884352,9.379235565193818,0.7630794253185145
Albania,2022-2024,61,1803,27.392712980769236,9.76150859678314,0.5158069883527454
Bangladesh,2012-2016,94,3292,20.468755504205273,23.32928311057108,0.3025516403402187
Bangladesh,2017-2021,156,4797,19.12406830415349,18.240567021054826,0.3235355430477382
Bangladesh,2022-2024,114,4252,26.25880982905983,10.08936970837253,0.215898400752587
Belarus,2017-2021,52,1718,42.524331095476164,12.689173457508732,0.3690337601862631
Brazil,2012-2016,101,3670,23.894406425389064,26.376021798365123,0.614441416893733
Brazil,2017-2021,145,5012,25.626251527565678,35.65442936951317,0.46468475658419794
Brazil,2022-2024,132,4146,21.47644230769231,43.39122045344911,0.49252291365171247
Cambodia,2012-2016,81,2797,21.650675363145044,30.24669288523418,0.6489095459420808
Cambodia,2017-2021,79,2583,21.262165547738082,29.65543941153697,0.6813782423538521
Canada,2012-2016,197,3882,45.66286942195279,0,0.19268418341061308
Canada,2017-2021,208,4508,43.37481771738568,0.5102040816326531,0.2067435669920142
Canada,2022-2024,118,2451,43.92908653846154,0,0.24643002855977153
China,2012-2016,769,21076,27.137750909765135,31.00683241601822,0.4087113304232302
China,2017-2021,843,24785,30.374522211054405,29.30804922332056,0.4514827516643131
China,2022-2024,605,16321,30.4575,30.384167636786962,0.4184792598492739
Colombia,2012-2016,109,2509,28.383340965831312,11.917098445595855,0.333599043443603
Colombia,2017-2021,146,4020,21.563779327969886,21.741293532338307,0.38930348258706465
Colombia,2022-2024,98,2837,26.855600961538467,24.28621783574198,0.3538949594642228
Cuba,2012-2016,57,1322,32.789421977083094,3.252647503782148,0.2897125567322239
Cuba,2017-2021,50,1285,26.673099173323944,30.038910505836576,0.16653696498054474
Dominican Republic,2012-2016,271,9680,15.96338288809714,44.24586776859504,0.5232438016528925
Dominican Republic,2017-2021,347,14198,17.533799291434477,46.13325820538104,0.5505000704324553
Dominican Republic,2022-2024,286,11985,19.17300961538461,47.48435544430538,0.5135586149353358
Ecuador,2012-2016,75,2690,17.00618639127571,36.840148698884754,0.21933085501858737
Ecuador,2017-2021,81,3052,20.295321720442242,19.495412844036696,0.23492791612057667
Ecuador,2022-2024,69,2771,23.63292884615385,26.777336701551786,0.10249007578491519
Egypt,2012-2016,66,1863,25.594309192300518,10.198604401502951,0.20128824476650564
Egypt,2017-2021,69,2112,30.391918771819764,7.90719696969697,0.2021780303030303
El Salvador,2012-2016,76,2528,15.590442147594224,53.00632911392405,0.31052215189873417
El Salvador,2017-2021,98,4641,14.611499409528728,40.42232277526395,0.3395819866408102
El Salvador,2022-2024,55,2310,17.181153846153848,47.66233766233766,0.12207792207792208
England,2012-2016,120,2303,43.23001162488153,0,0.10204081632653061
England,2017-2021,100,2058,50.62420368509068,0,0.12633624878522837
England,2022-2024,75,1719,32.950392464678174,1.6870273414776031,0.16346713205351948
France,2012-2016,60,1473,39.91843270079868,0,0.41276306856754924
France,2017-2021,55,1358,46.44416588151561,0,0.23195876288659795
Germany,2012-2016,151,3115,39.019759717748975,0.4815409309791332,0.1842696629213483
Germany,2017-2021,114,3059,45.561783316581604,0,0.2605426610003269
Germany,2022-2024,72,1351,44.90520673076922,0,0.18874907475943745
Ghana,2012-2016,87,2772,31.830486051338212,0.5411255411255411,0.3564213564213564
Ghana,2017-2021,88,2867,23.46646573926135,0,0.3421695151726543
Ghana,2022-2024,75,2761,25.136842500000004,0.4708438971387179,0.29011227816008694
Greece,2012-2016,70,1546,24.251798896257686,6.274256144890039,0.23027166882276842
Guatemala,2012-2016,113,5004,15.383259463192648,62.19024780175859,0.36310951239008793
Guatemala,2017-2021,105,4498,14.887311166506388,59.09293019119609,0.2872387727879057
Guatemala,2022-2024,91,3510,19.52403846153846,61.25356125356125,0.3541310541310541
Guyana,2012-2016,55,1719,26.656072062697024,1.5706806282722512,0.39965095986038396
Guyana,2017-2021,69,1839,27.352726894637783,0.4350190320826536,0.18651441000543773
Haiti,2012-2016,187,6911,19.65000528403706,14.42627694979019,0.5873245550571553
Haiti,2017-2021,199,8067,21.090357485884052,15.284492376348085,0.49212842444527083
Haiti,2022-2024,85,4337,24.405048076923077,14.295596034124971,0.3585427715010376
Honduras,2012-2016,74,3243,16.138687383260145,41.936478569226026,0.3169904409497379
Honduras,2017-2021,57,2953,16.748225062319687,49.54283779207586,0.4625804266847274
Honduras,2022-2024,58,2414,19.133557692307694,67.02568351284177,0.34051367025683515
Hong Kong,2012-2016,74,1810,32.75000880672843,19.005524861878452,0.35082872928176795
Hong Kong,2017-2021,72,1776,35.316304955797094,14.583333333333334,0.294481981981982
India,2012-2016,1447,38771,44.34273024471427,6.835005545381858,0.1496221402594723
India,2017-2021,1736,46301,52.105589082772354,3.626271570808406,0.126023196043282
India,2022-2024,1103,29654,50.45528846153845,4.053416065286302,0.14736629122546704
Iran,2012-2016,61,1435,39.30001056807412,1.32404181184669,0.2348432055749129
Iran,2017-2021,58,1376,45.28223813145692,5.886627906976744,0.17732558139534885
Ireland,2012-2016,67,1550,38.578175312901415,0,0.18645161290322582
Ireland,2017-2021,58,1387,43.42132423564363,0,0.2350396539293439
Israel,2012-2016,53,1219,29.21951820969205,5.578342904019689,0.2863002461033634
Israel,2017-2021,55,1483,27.603556121230593,3.3715441672285906,0.3519892110586649
Italy,2012-2016,144,3287,24.890006693113612,3.1031335564344387,0.1986613933678126
Italy,2017-2021,113,2670,28.751705770626515,0.7116104868913857,0.27415730337078653
Italy,2022-2024,58,1329,39.04807692307692,6.094808126410835,0.35289691497366443
Jamaica,2012-2016,312,9783,23.38566322139134,0.5417561075334764,0.46049269140345495
Jamaica,2017-2021,313,12054,24.547319008008262,0.15762402521984403,0.41936286709805876
Jamaica,2022-2024,175,7998,24.405048076923077,0,0.4479869967491873
Kenya,2012-2016,69,1886,24.357009783538178,6.680805938494168,0.09915164369034994
Kenya,2017-2021,56,2103,40.63864514632616,0,0.06276747503566334
Kenya,2022-2024,58,2022,27.75040865384615,0,0.3353115727002967
Korea,2012-2016,351,8989,25.03359338863646,19.735231950161307,0.23929246857269998
Korea,2017-2021,396,9392,32.97989779571865,13.043015332197616,0.20017035775127767
Korea,2022-2024,218,5189,37.481071428571425,16.978223164386204,0.2117941799961457
Liberia,2012-2016,209,6580,20.7872561967923,0,0.3171732522796353
Liberia,2017-2021,213,8243,22.832236935497523,3.008613368919083,0.41429091350236563
Liberia,2022-2024,127,5677,19.17300961538461,2.448476307909107,0.29452175444777173
Mexico,2012-2016,1017,32299,15.493139887929738,50.83748722870677,0.09641165361156692
Mexico,2017-2021,872,30972,17.549723944164764,42.41573033707865,0.13796332170993156
Mexico,2022-2024,532,20161,19.341193910256408,37.71638311591687,0.08506522493923913
Morocco,2017-2021,56,2221,20.31932257316308,20.711391265195857,0.2985141828005403
Nigeria,2012-2016,131,3447,27.063344203931308,0.899332753118654,0.3240498984624311
Nigeria,2017-2021,186,7333,30.983257131324503,1.1318696304377474,0.4272466930315014
Nigeria,2022-2024,119,4459,31.7265625,0,0.29984301412872844
Pakistan,2012-2016,137,3924,20.698005565852373,4.408766564729868,0.3241590214067278
Pakistan,2017-2021,143,4215,23.378399055245964,9.086595492289442,0.37627520759193356
Pakistan,2022-2024,104,2826,26.37012987012987,12.208067940552016,0.1737438075017693
Peru,2012-2016,63,1580,28.165007573786454,26.455696202531648,0.2259493670886076
Peru,2017-2021,87,2446,25.369152150552807,12.837285363859364,0.20605069501226492
Philippines,2012-2016,431,9723,31.18088429518845,3.9082587678699987,0.23151290753882547
Philippines,2017-2021,478,10081,33.13584241205935,2.8866183910326355,0.1656581688324571
Philippines,2022-2024,328,7476,34.16706730769231,5.818619582664526,0.26003210272873195
Poland,2012-2016,159,3459,29.52364822247052,10.11853136744724,0.36108701936976006
Poland,2017-2021,153,3625,34.01946487638093,3.2827586206896555,0.20993103448275863
Poland,2022-2024,91,2628,28.254961538461536,10.730593607305936,0.3150684931506849
Portugal,2012-2016,54,1192,32.27737476652029,9.144295302013424,0.2936241610738255
Romania,2012-2016,58,1474,33.2570476835357,0,0.38670284938941657
Russia,2012-2016,123,3214,32.04869708360287,11.418792781580585,0.343497199751089
Russia,2017-2021,142,4009,38.24813660830698,4.938887503117984,0.35345472686455476
Russia,2022-2024,106,2647,40.28340144230769,8.726860596902153,0.26671703815640346
Sierra Leone,2012-2016,71,2234,24.56250660504633,3.9391226499552374,0.3375111906893465
Sierra Leone,2017-2021,60,2567,25.341029958936815,1.9867549668874174,0.31086871834826646
Taiwan,2012-2016,125,2569,44.26611396551354,8.446866485013624,0.14207862981704944
Taiwan,2017-2021,121,2771,52.60139787430342,0.6495849873691808,0.21328040418621436
Taiwan,2022-2024,56,1429,50.06163708086785,9.377186843946816,0.16724982505248426
Thailand,2017-2021,65,1678,24.29961776884352,13.289630512514899,0.3265792610250298
Trinidad and Tobago,2012-2016,108,3477,23.891194163988864,0,0.4012079378774806
Trinidad and Tobago,2017-2021,84,3188,24.795528335554614,0,0.3475533249686324
Trinidad and Tobago,2022-2024,62,1922,30.273173076923076,0,0.48647242455775236
Turkey,2012-2016,67,1701,31.474195642768844,18.930041152263374,0.1610817166372722
Turkey,2017-2021,90,3163,29.881356725239826,11.12867530825166,0.16629781852671516
Turkey,2022-2024,62,1343,22.647884615384616,22.710349962769918,0.12137006701414743
USSR,2017-2021,62,2062,28.120476647845397,40.543161978661495,0.4267701260911736
Ukraine,2012-2016,250,7419,26.200007045382748,23.372422159320664,0.4367165386170643
Ukraine,2017-2021,233,6781,34.248355403246286,12.579265595044978,0.3530452735584722
Ukraine,2022-2024,150,4307,32.214663461538464,14.929185047596935,0.3171581146970049
"United Kingdom, Not Specified",2012-2016,140,2685,51.477795540173034,1.1173184357541899,0.15456238361266295
"United Kingdom, Not Specified",2017-2021,152,3272,58.77186914878067,0.27506112469437655,0.1876528117359413
"United Kingdom, Not Specified",2022-2024,79,1799,38.071875,1.3340744858254585,0.26903835464146747
Venezuela,2017-2021,50,1764,36.236518535631255,2.2675736961451247,0.2108843537414966
Vietnam,2012-2016,484,13334,21.30306734590339,39.73301334933254,0.4473526323683816
Vietnam,2017-2021,526,12777,23.378399055245964,39.625890271581746,0.4151209204038507
Vietnam,2022-2024,300,7973,26.845552884615383,30.03888122413144,0.41653079142104604
