county,pop,fb_pct,limited_pct_fb,fb_median_wage,nb_median_wage,fb_ba_pct,fb_rent_burden,n_fb
Bucks County,391925,11.305479364674364,16.168792845144594,34.91228125000001,34.98233333333333,48.91326635226574,26,1516
Burlington County,285726,11.105394678818168,13.443224602145095,33.05202777777778,33.63685897435897,44.836835046937864,29,1532
Camden County,318681,12.549226342329792,31.12239766670019,23.428846153846155,30.07827307692308,36.36857142857143,27,1829
Cecil County,64529,3.520897580932604,9.330985915492958,28.3986013986014,31.23846153846154,42.09323583180987,32,115
Chester County,335491,11.12995579613164,14.87714755778515,35.31870192307692,39.04807692307692,59.63111614939183,25,1361
Delaware County,349207,11.275260805195773,14.252061248527681,26.855600961538467,30.615385096153847,45.62096821061196,23,1311
Gloucester County,183788,6.683243737349555,15.77701599738818,31.152497115384616,33.83805721153846,40.00933271115259,31,599
Montgomery County,524143,11.689367214672332,16.410677618069816,34.30959615384615,36.52361730769231,56.12386466638303,22,2131
New Castle County,352552,13.21024983548526,18.928339467417192,27.521066433566432,29.712579787234045,43.56577477783713,24,1626
Philadelphia County,947353,15.506574634798223,31.143921054977607,21.48448076923077,27.62290384615385,33.532349457374266,28,3501
Salem County,66249,9.047683738622469,40.9743076409743,17.43000874125874,26.855600961538467,15.12667660208644,30,240
