window,fb,move_type,n,pct
2012-2016,FALSE,stayed,2499691,89.00553219959501
2012-2016,FALSE,within_city,68229,2.4294036568704565
2012-2016,FALSE,within_suburbs,173473,6.176786125669271
2012-2016,FALSE,city_to_suburb,14848,0.5286870025533503
2012-2016,FALSE,suburb_to_city,16575,0.590179624684926
2012-2016,FALSE,from_other_state,31370,1.1169794767038388
2012-2016,FALSE,from_abroad,4281,0.1524319139231474
2012-2016,TRUE,stayed,381179,84.79727174440178
2012-2016,TRUE,within_city,12455,2.7707455541268646
2012-2016,TRUE,within_suburbs,27345,6.083182430959383
2012-2016,TRUE,city_to_suburb,2281,0.5074324053764254
2012-2016,TRUE,suburb_to_city,2503,0.5568186368510271
2012-2016,TRUE,from_other_state,8835,1.9654385363878641
2012-2016,TRUE,from_abroad,14920,3.319110691896654
2017-2021,FALSE,stayed,2507779,88.47126317969328
2017-2021,FALSE,within_city,65704,2.3179538053227846
2017-2021,FALSE,within_suburbs,186134,6.5665714964073905
2017-2021,FALSE,city_to_suburb,20644,0.7282941427779673
2017-2021,FALSE,suburb_to_city,18000,0.6350171754506594
2017-2021,FALSE,from_other_state,31665,1.1171010478136183
2017-2021,FALSE,from_abroad,4643,0.16379915253430063
2017-2021,TRUE,stayed,432288,85.45200085395071
2017-2021,TRUE,within_city,14042,2.775735148769283
2017-2021,TRUE,within_suburbs,30501,6.02924781175131
2017-2021,TRUE,city_to_suburb,4981,0.9846130733527845
2017-2021,TRUE,suburb_to_city,2692,0.5321378023420389
2017-2021,TRUE,from_other_state,11268,2.2273880968759636
2017-2021,TRUE,from_abroad,10112,1.9988772129579113
2022-2024,FALSE,stayed,1493876,89.84882612448163
2022-2024,FALSE,within_city,35321,2.1243733666936317
2022-2024,FALSE,within_suburbs,86689,5.213889832827616
2022-2024,FALSE,city_to_suburb,10758,0.647037419067696
2022-2024,FALSE,suburb_to_city,11087,0.666825047890272
2022-2024,FALSE,from_other_state,21437,1.2893234014272354
2022-2024,FALSE,from_abroad,3487,0.2097248076119219
2022-2024,TRUE,stayed,284020,85.6823941112586
2022-2024,TRUE,within_city,7753,2.3389043079522143
2022-2024,TRUE,within_suburbs,19718,5.948473512730783
2022-2024,TRUE,city_to_suburb,2372,0.7155786171111379
2022-2024,TRUE,suburb_to_city,1852,0.5587064076264028
2022-2024,TRUE,from_other_state,6901,2.0818752262579943
2022-2024,TRUE,from_abroad,8864,2.67406781706287
