group,occ_group,n,pop,median_hourly,pct
Limited English,"Computer, engineering, science",42,1349,36.83236057692307,3.2993371976422825
Limited English,Construction and extraction,81,4120,18.163903846153847,10.076552449433805
Limited English,"Education, legal, arts, community",41,967,25.576762820512826,2.3650549074277887
Limited English,"Farming, fishing, forestry",46,994,16.145692307692304,2.431090566683787
Limited English,Healthcare practitioners,25,868,41.48858173076923,2.122924156822462
Limited English,Installation and repair,26,1570,30.262259615384615,3.839851297478416
Limited English,"Management, business, finance",53,1521,36.60757211538461,3.7200088047545674
Limited English,Office and administrative,61,1768,20.182115384615383,4.32411279868907
Limited English,Production,150,5581,21.48448076923077,13.649815344730598
Limited English,Sales,51,1546,14.32298717948718,3.7811529336953065
Limited English,Service,380,14962,14.643028846153847,36.593538288453544
Limited English,Transportation and moving,148,5641,17.27877403846154,13.796561254188372
Native-born,"Computer, engineering, science",4450,105878,46.19163365384616,8.780391525949417
Native-born,Construction and extraction,1363,33581,32.97393162393163,2.7848498066917333
Native-born,"Education, legal, arts, community",6930,161139,33.46978021978022,13.363149191521968
Native-born,"Farming, fishing, forestry",96,1839,19.52403846153846,0.15250703655358977
Native-born,Healthcare practitioners,4185,101703,42.10958230769231,8.434161576188004
Native-born,Installation and repair,1298,33341,30.82742914979757,2.7649467676635324
Native-born,"Management, business, finance",11637,279252,44.40065384615384,23.158181061263214
Native-born,Office and administrative,5441,138581,23.916947115384616,11.492429381529648
Native-born,Production,1590,40701,24.405048076923077,3.3753066311950284
Native-born,Sales,3491,88287,29.00404903846154,7.321581694511571
Native-born,Service,4789,147094,19.550877500000002,12.198406761725792
Native-born,Transportation and moving,2623,74450,21.151041666666668,6.174088565206502
Proficient immigrants,"Computer, engineering, science",1200,33159,50.45528846153845,18.03687989556136
Proficient immigrants,Construction and extraction,149,5669,25.227644230769226,3.0836597040905134
Proficient immigrants,"Education, legal, arts, community",716,19902,29.286057692307693,10.825718015665796
Proficient immigrants,"Farming, fishing, forestry",13,434,18.588790485829957,0.23607484769364664
Proficient immigrants,Healthcare practitioners,621,17438,43.29122875,9.485422106179286
Proficient immigrants,Installation and repair,113,3598,23.428846153846155,1.957136640557006
Proficient immigrants,"Management, business, finance",1356,35337,48.81009615384615,19.221605744125327
Proficient immigrants,Office and administrative,433,12621,23.20943269230769,6.865208877284595
Proficient immigrants,Production,259,8798,22.704879807692304,4.78568320278503
Proficient immigrants,Sales,310,9155,22.843125,4.979873803307224
Proficient immigrants,Service,761,26058,17.571634615384614,14.174281984334204
Proficient immigrants,Transportation and moving,320,11671,20.41025673076923,6.348455178416014
