POBP,STATE,PUMA,pop,country,country_pop
210,PA,03412,3561,India,52106
210,PA,03221,3176,India,52106
210,PA,03113,2976,India,52106
210,NJ,02002,2653,India,52106
210,PA,03413,2489,India,52106
210,PA,03411,2421,India,52106
210,DE,00101,2130,India,52106
210,PA,03014,2075,India,52106
210,PA,03116,1974,India,52106
210,DE,00105,1630,India,52106
210,DE,00103,1619,India,52106
210,PA,03114,1606,India,52106
210,PA,03111,1548,India,52106
210,NJ,02001,1542,India,52106
210,NJ,02104,1536,India,52106
210,PA,03312,1466,India,52106
210,PA,03314,1461,India,52106
210,PA,03230,1435,India,52106
210,PA,03013,1342,India,52106
210,PA,03115,1157,India,52106
210,PA,03012,1114,India,52106
210,NJ,02003,1038,India,52106
210,PA,03229,949,India,52106
210,DE,00104,938,India,52106
210,PA,03015,855,India,52106
210,PA,03228,767,India,52106
210,PA,03311,717,India,52106
210,NJ,02202,693,India,52106
210,PA,03222,671,India,52106
210,NJ,02103,606,India,52106
210,NJ,02201,449,India,52106
210,PA,03414,401,India,52106
210,PA,03415,363,India,52106
210,PA,03112,316,India,52106
210,MD,00700,312,India,52106
210,DE,00102,306,India,52106
210,PA,03313,293,India,52106
210,NJ,02102,286,India,52106
210,PA,03117,242,India,52106
210,PA,03227,237,India,52106
210,PA,03011,228,India,52106
210,PA,03216,155,India,52106
210,PA,03231,140,India,52106
210,NJ,02101,131,India,52106
210,NJ,02501,80,India,52106
210,PA,03224,22,India,52106
303,NJ,02501,3995,Mexico,35992
303,PA,03415,3817,Mexico,35992
303,DE,00102,3106,Mexico,35992
303,NJ,02101,2786,Mexico,35992
303,DE,00103,2722,Mexico,35992
303,PA,03114,2600,Mexico,35992
303,DE,00104,1919,Mexico,35992
303,PA,03414,1655,Mexico,35992
303,PA,03014,1311,Mexico,35992
303,PA,03015,1130,Mexico,35992
303,PA,03231,684,Mexico,35992
303,PA,03222,683,Mexico,35992
303,PA,03225,633,Mexico,35992
303,NJ,02102,621,Mexico,35992
303,PA,03228,606,Mexico,35992
303,NJ,02003,544,Mexico,35992
303,NJ,02103,511,Mexico,35992
303,PA,03412,489,Mexico,35992
303,PA,03011,443,Mexico,35992
303,DE,00105,432,Mexico,35992
303,PA,03224,391,Mexico,35992
303,PA,03115,384,Mexico,35992
303,NJ,02202,359,Mexico,35992
303,PA,03113,358,Mexico,35992
303,NJ,02001,332,Mexico,35992
303,PA,03111,323,Mexico,35992
303,NJ,02104,287,Mexico,35992
303,MD,00700,244,Mexico,35992
303,PA,03221,239,Mexico,35992
303,PA,03411,225,Mexico,35992
303,NJ,02002,190,Mexico,35992
303,PA,03013,179,Mexico,35992
303,PA,03413,169,Mexico,35992
303,PA,03012,165,Mexico,35992
303,DE,00101,163,Mexico,35992
303,PA,03117,160,Mexico,35992
303,PA,03313,160,Mexico,35992
303,PA,03230,147,Mexico,35992
303,NJ,02201,123,Mexico,35992
303,PA,03112,122,Mexico,35992
303,PA,03311,114,Mexico,35992
303,PA,03314,97,Mexico,35992
303,PA,03229,80,Mexico,35992
303,PA,03312,79,Mexico,35992
303,PA,03116,68,Mexico,35992
303,PA,03223,63,Mexico,35992
303,PA,03216,56,Mexico,35992
303,PA,03227,28,Mexico,35992
207,PA,03222,3857,China,35265
207,PA,03223,2452,China,35265
207,PA,03231,2359,China,35265
207,PA,03221,2186,China,35265
207,PA,03230,2115,China,35265
207,PA,03311,1878,China,35265
207,PA,03412,1752,China,35265
207,PA,03229,1640,China,35265
207,NJ,02104,1433,China,35265
207,DE,00101,1339,China,35265
207,PA,03228,1284,China,35265
207,PA,03116,1139,China,35265
207,PA,03111,851,China,35265
207,PA,03013,721,China,35265
207,PA,03115,716,China,35265
207,PA,03117,708,China,35265
207,PA,03114,700,China,35265
207,PA,03314,670,China,35265
207,PA,03113,552,China,35265
207,DE,00104,529,China,35265
207,PA,03012,504,China,35265
207,NJ,02002,451,China,35265
207,DE,00105,423,China,35265
207,PA,03216,410,China,35265
207,PA,03413,399,China,35265
207,PA,03312,379,China,35265
207,PA,03014,325,China,35265
207,NJ,02202,310,China,35265
207,PA,03411,296,China,35265
207,DE,00103,280,China,35265
207,PA,03015,268,China,35265
207,DE,00102,260,China,35265
207,PA,03225,256,China,35265
207,PA,03011,234,China,35265
207,PA,03313,214,China,35265
207,PA,03227,201,China,35265
207,PA,03224,152,China,35265
207,PA,03415,152,China,35265
207,NJ,02103,149,China,35265
207,NJ,02001,121,China,35265
207,NJ,02003,119,China,35265
207,NJ,02102,114,China,35265
207,NJ,02201,105,China,35265
207,NJ,02101,103,China,35265
207,PA,03112,81,China,35265
207,NJ,02501,37,China,35265
207,PA,03414,30,China,35265
207,MD,00700,11,China,35265
329,PA,03222,4545,Dominican Republic,25322
329,PA,03225,4473,Dominican Republic,25322
329,NJ,02101,4439,Dominican Republic,25322
329,PA,03224,1511,Dominican Republic,25322
329,PA,03228,1113,Dominican Republic,25322
329,PA,03223,775,Dominican Republic,25322
329,DE,00104,711,Dominican Republic,25322
329,PA,03231,663,Dominican Republic,25322
329,PA,03221,618,Dominican Republic,25322
329,NJ,02001,481,Dominican Republic,25322
329,DE,00102,480,Dominican Republic,25322
329,NJ,02201,415,Dominican Republic,25322
329,PA,03114,407,Dominican Republic,25322
329,NJ,02202,374,Dominican Republic,25322
329,PA,03015,348,Dominican Republic,25322
329,PA,03415,315,Dominican Republic,25322
329,PA,03229,305,Dominican Republic,25322
329,NJ,02102,259,Dominican Republic,25322
329,PA,03313,257,Dominican Republic,25322
329,NJ,02002,247,Dominican Republic,25322
329,DE,00103,220,Dominican Republic,25322
329,PA,03314,215,Dominican Republic,25322
329,PA,03230,185,Dominican Republic,25322
329,NJ,02003,170,Dominican Republic,25322
329,PA,03216,159,Dominican Republic,25322
329,PA,03227,137,Dominican Republic,25322
329,NJ,02501,134,Dominican Republic,25322
329,PA,03413,134,Dominican Republic,25322
329,PA,03112,133,Dominican Republic,25322
329,PA,03117,113,Dominican Republic,25322
329,PA,03411,103,Dominican Republic,25322
329,NJ,02104,101,Dominican Republic,25322
329,MD,00700,97,Dominican Republic,25322
329,PA,03111,94,Dominican Republic,25322
329,DE,00105,80,Dominican Republic,25322
329,NJ,02103,76,Dominican Republic,25322
329,PA,03312,76,Dominican Republic,25322
329,PA,03012,71,Dominican Republic,25322
329,PA,03414,63,Dominican Republic,25322
329,PA,03113,52,Dominican Republic,25322
329,PA,03014,48,Dominican Republic,25322
329,PA,03115,41,Dominican Republic,25322
329,DE,00101,33,Dominican Republic,25322
329,PA,03116,31,Dominican Republic,25322
329,PA,03013,20,Dominican Republic,25322
247,PA,03224,1691,Vietnam,17363
247,PA,03231,1476,Vietnam,17363
247,PA,03222,1377,Vietnam,17363
247,PA,03229,1134,Vietnam,17363
247,NJ,02101,1051,Vietnam,17363
247,NJ,02104,1044,Vietnam,17363
247,PA,03223,804,Vietnam,17363
247,PA,03113,797,Vietnam,17363
247,PA,03312,688,Vietnam,17363
247,DE,00101,446,Vietnam,17363
247,PA,03415,432,Vietnam,17363
247,PA,03412,417,Vietnam,17363
247,PA,03221,369,Vietnam,17363
247,PA,03117,358,Vietnam,17363
247,PA,03115,350,Vietnam,17363
247,PA,03225,337,Vietnam,17363
247,PA,03311,334,Vietnam,17363
247,PA,03228,304,Vietnam,17363
247,PA,03411,302,Vietnam,17363
247,PA,03112,301,Vietnam,17363
247,PA,03114,300,Vietnam,17363
247,PA,03314,300,Vietnam,17363
247,NJ,02001,245,Vietnam,17363
247,PA,03230,229,Vietnam,17363
247,PA,03014,212,Vietnam,17363
247,NJ,02202,190,Vietnam,17363
247,NJ,02201,160,Vietnam,17363
247,PA,03413,157,Vietnam,17363
247,DE,00104,156,Vietnam,17363
247,DE,00103,148,Vietnam,17363
247,PA,03313,144,Vietnam,17363
247,PA,03116,129,Vietnam,17363
247,NJ,02102,126,Vietnam,17363
247,PA,03111,123,Vietnam,17363
247,PA,03015,104,Vietnam,17363
247,PA,03011,102,Vietnam,17363
247,NJ,02002,99,Vietnam,17363
247,NJ,02103,93,Vietnam,17363
247,DE,00105,55,Vietnam,17363
247,MD,00700,54,Vietnam,17363
247,PA,03227,51,Vietnam,17363
247,PA,03414,49,Vietnam,17363
247,DE,00102,47,Vietnam,17363
247,PA,03012,34,Vietnam,17363
247,PA,03216,25,Vietnam,17363
247,NJ,02003,19,Vietnam,17363
333,PA,03222,1609,Jamaica,14099
333,NJ,02001,1414,Jamaica,14099
333,PA,03227,1315,Jamaica,14099
333,PA,03224,990,Jamaica,14099
333,DE,00102,979,Jamaica,14099
333,PA,03229,670,Jamaica,14099
333,PA,03312,481,Jamaica,14099
333,PA,03225,475,Jamaica,14099
333,PA,03313,470,Jamaica,14099
333,DE,00105,434,Jamaica,14099
333,PA,03414,348,Jamaica,14099
333,PA,03117,345,Jamaica,14099
333,NJ,02103,343,Jamaica,14099
333,DE,00104,324,Jamaica,14099
333,PA,03114,283,Jamaica,14099
333,PA,03111,275,Jamaica,14099
333,NJ,02201,268,Jamaica,14099
333,PA,03228,256,Jamaica,14099
333,NJ,02102,214,Jamaica,14099
333,NJ,02101,208,Jamaica,14099
333,PA,03014,203,Jamaica,14099
333,NJ,02202,199,Jamaica,14099
333,PA,03216,190,Jamaica,14099
333,NJ,02003,175,Jamaica,14099
333,NJ,02104,168,Jamaica,14099
333,PA,03115,153,Jamaica,14099
333,NJ,02501,147,Jamaica,14099
333,MD,00700,137,Jamaica,14099
333,PA,03112,125,Jamaica,14099
333,DE,00103,100,Jamaica,14099
333,PA,03015,95,Jamaica,14099
333,PA,03412,94,Jamaica,14099
333,PA,03113,92,Jamaica,14099
333,PA,03012,65,Jamaica,14099
333,PA,03223,65,Jamaica,14099
333,DE,00101,56,Jamaica,14099
333,PA,03413,50,Jamaica,14099
333,NJ,02002,47,Jamaica,14099
333,PA,03221,45,Jamaica,14099
333,PA,03013,40,Jamaica,14099
333,PA,03116,39,Jamaica,14099
333,PA,03411,33,Jamaica,14099
333,PA,03415,32,Jamaica,14099
333,PA,03314,27,Jamaica,14099
333,PA,03311,21,Jamaica,14099
233,PA,03222,986,Philippines,13589
233,NJ,02104,906,Philippines,13589
233,NJ,02103,770,Philippines,13589
233,NJ,02202,700,Philippines,13589
233,NJ,02101,691,Philippines,13589
233,NJ,02001,613,Philippines,13589
233,NJ,02003,549,Philippines,13589
233,PA,03230,529,Philippines,13589
233,NJ,02002,524,Philippines,13589
233,PA,03114,501,Philippines,13589
233,PA,03221,452,Philippines,13589
233,DE,00104,443,Philippines,13589
233,DE,00103,337,Philippines,13589
233,DE,00105,337,Philippines,13589
233,PA,03225,318,Philippines,13589
233,NJ,02201,315,Philippines,13589
233,DE,00101,307,Philippines,13589
233,PA,03311,299,Philippines,13589
233,PA,03014,283,Philippines,13589
233,PA,03313,251,Philippines,13589
233,PA,03116,242,Philippines,13589
233,PA,03113,240,Philippines,13589
233,PA,03011,231,Philippines,13589
233,PA,03412,219,Philippines,13589
233,PA,03312,218,Philippines,13589
233,PA,03228,202,Philippines,13589
233,PA,03413,169,Philippines,13589
233,PA,03223,167,Philippines,13589
233,PA,03231,166,Philippines,13589
233,PA,03216,156,Philippines,13589
233,PA,03112,154,Philippines,13589
233,PA,03229,144,Philippines,13589
233,PA,03111,117,Philippines,13589
233,NJ,02102,112,Philippines,13589
233,PA,03013,111,Philippines,13589
233,PA,03314,110,Philippines,13589
233,PA,03414,110,Philippines,13589
233,PA,03115,101,Philippines,13589
233,NJ,02501,93,Philippines,13589
233,PA,03015,90,Philippines,13589
233,PA,03117,83,Philippines,13589
233,PA,03224,78,Philippines,13589
233,MD,00700,51,Philippines,13589
233,PA,03012,51,Philippines,13589
233,PA,03411,41,Philippines,13589
233,PA,03415,22,Philippines,13589
217,PA,03113,1680,Korea,13307
217,PA,03115,1479,Korea,13307
217,PA,03114,859,Korea,13307
217,PA,03117,683,Korea,13307
217,NJ,02104,674,Korea,13307
217,NJ,02002,650,Korea,13307
217,PA,03311,500,Korea,13307
217,PA,03230,450,Korea,13307
217,PA,03012,437,Korea,13307
217,PA,03229,420,Korea,13307
217,PA,03116,415,Korea,13307
217,PA,03412,408,Korea,13307
217,PA,03015,381,Korea,13307
217,PA,03222,330,Korea,13307
217,PA,03221,260,Korea,13307
217,PA,03228,255,Korea,13307
217,NJ,02103,251,Korea,13307
217,DE,00101,250,Korea,13307
217,NJ,02003,239,Korea,13307
217,PA,03413,212,Korea,13307
217,PA,03014,206,Korea,13307
217,PA,03415,203,Korea,13307
217,PA,03231,186,Korea,13307
217,PA,03216,152,Korea,13307
217,NJ,02102,150,Korea,13307
217,PA,03013,147,Korea,13307
217,PA,03312,134,Korea,13307
217,PA,03111,120,Korea,13307
217,NJ,02202,114,Korea,13307
217,DE,00102,110,Korea,13307
217,PA,03314,100,Korea,13307
217,DE,00104,92,Korea,13307
217,PA,03227,92,Korea,13307
217,PA,03225,88,Korea,13307
217,NJ,02001,80,Korea,13307
217,PA,03411,77,Korea,13307
217,PA,03224,75,Korea,13307
217,DE,00103,68,Korea,13307
217,NJ,02201,64,Korea,13307
217,PA,03223,57,Korea,13307
217,NJ,02501,47,Korea,13307
217,PA,03313,34,Korea,13307
217,PA,03112,28,Korea,13307
217,NJ,02101,23,Korea,13307
217,MD,00700,13,Korea,13307
217,PA,03011,10,Korea,13307
217,DE,00105,4,Korea,13307
362,PA,03223,2794,Brazil,11739
362,PA,03222,2132,Brazil,11739
362,NJ,02001,1354,Brazil,11739
362,PA,03221,566,Brazil,11739
362,PA,03412,473,Brazil,11739
362,NJ,02002,461,Brazil,11739
362,PA,03116,426,Brazil,11739
362,NJ,02201,384,Brazil,11739
362,PA,03227,275,Brazil,11739
362,PA,03230,253,Brazil,11739
362,PA,03114,242,Brazil,11739
362,PA,03228,238,Brazil,11739
362,DE,00101,189,Brazil,11739
362,PA,03111,187,Brazil,11739
362,PA,03012,153,Brazil,11739
362,PA,03013,153,Brazil,11739
362,PA,03231,152,Brazil,11739
362,PA,03314,122,Brazil,11739
362,NJ,02003,116,Brazil,11739
362,NJ,02103,114,Brazil,11739
362,PA,03311,100,Brazil,11739
362,PA,03014,93,Brazil,11739
362,PA,03411,82,Brazil,11739
362,PA,03117,79,Brazil,11739
362,DE,00102,76,Brazil,11739
362,NJ,02101,73,Brazil,11739
362,PA,03216,69,Brazil,11739
362,NJ,02202,61,Brazil,11739
362,NJ,02104,57,Brazil,11739
362,PA,03229,57,Brazil,11739
362,PA,03011,53,Brazil,11739
362,PA,03225,52,Brazil,11739
362,PA,03015,42,Brazil,11739
362,PA,03115,20,Brazil,11739
362,NJ,02102,19,Brazil,11739
362,PA,03312,12,Brazil,11739
362,PA,03112,10,Brazil,11739
164,PA,03221,2208,Ukraine,10580
164,PA,03013,1645,Ukraine,10580
164,PA,03115,811,Ukraine,10580
164,PA,03014,747,Ukraine,10580
164,PA,03222,551,Ukraine,10580
164,PA,03015,519,Ukraine,10580
164,PA,03012,441,Ukraine,10580
164,PA,03117,438,Ukraine,10580
164,NJ,02104,406,Ukraine,10580
164,PA,03314,211,Ukraine,10580
164,PA,03113,209,Ukraine,10580
164,PA,03230,189,Ukraine,10580
164,PA,03413,177,Ukraine,10580
164,PA,03224,161,Ukraine,10580
164,PA,03414,158,Ukraine,10580
164,PA,03313,153,Ukraine,10580
164,PA,03223,139,Ukraine,10580
164,NJ,02003,133,Ukraine,10580
164,DE,00101,132,Ukraine,10580
164,PA,03116,131,Ukraine,10580
164,PA,03311,121,Ukraine,10580
164,DE,00102,120,Ukraine,10580
164,PA,03231,106,Ukraine,10580
164,PA,03412,97,Ukraine,10580
164,NJ,02201,73,Ukraine,10580
164,PA,03411,67,Ukraine,10580
164,PA,03216,62,Ukraine,10580
164,NJ,02103,58,Ukraine,10580
164,PA,03114,53,Ukraine,10580
164,PA,03228,48,Ukraine,10580
164,PA,03011,43,Ukraine,10580
164,PA,03229,42,Ukraine,10580
164,NJ,02001,35,Ukraine,10580
164,NJ,02102,30,Ukraine,10580
164,NJ,02002,26,Ukraine,10580
164,PA,03111,20,Ukraine,10580
164,PA,03225,11,Ukraine,10580
164,NJ,02501,9,Ukraine,10580
313,PA,03222,1884,Guatemala,10475
313,NJ,02101,969,Guatemala,10475
313,PA,03225,939,Guatemala,10475
313,DE,00102,875,Guatemala,10475
313,PA,03014,841,Guatemala,10475
313,PA,03224,622,Guatemala,10475
313,PA,03113,363,Guatemala,10475
313,PA,03223,357,Guatemala,10475
313,PA,03015,323,Guatemala,10475
313,PA,03112,318,Guatemala,10475
313,PA,03115,309,Guatemala,10475
313,PA,03013,303,Guatemala,10475
313,NJ,02003,277,Guatemala,10475
313,PA,03216,247,Guatemala,10475
313,PA,03412,203,Guatemala,10475
313,NJ,02501,190,Guatemala,10475
313,NJ,02201,157,Guatemala,10475
313,NJ,02103,148,Guatemala,10475
313,NJ,02202,138,Guatemala,10475
313,NJ,02001,135,Guatemala,10475
313,NJ,02002,106,Guatemala,10475
313,PA,03229,104,Guatemala,10475
313,PA,03228,75,Guatemala,10475
313,PA,03114,68,Guatemala,10475
313,PA,03221,64,Guatemala,10475
313,DE,00104,62,Guatemala,10475
313,PA,03414,61,Guatemala,10475
313,PA,03231,58,Guatemala,10475
313,DE,00103,50,Guatemala,10475
313,DE,00105,49,Guatemala,10475
313,PA,03313,48,Guatemala,10475
313,PA,03116,41,Guatemala,10475
313,PA,03311,25,Guatemala,10475
313,NJ,02102,22,Guatemala,10475
313,PA,03415,15,Guatemala,10475
313,PA,03117,11,Guatemala,10475
313,PA,03411,11,Guatemala,10475
313,MD,00700,7,Guatemala,10475
429,PA,03312,2528,Liberia,9499
429,NJ,02001,864,Liberia,9499
429,PA,03222,767,Liberia,9499
429,PA,03229,730,Liberia,9499
429,PA,03227,673,Liberia,9499
429,PA,03313,639,Liberia,9499
429,PA,03014,613,Liberia,9499
429,DE,00103,373,Liberia,9499
429,NJ,02103,263,Liberia,9499
429,DE,00104,230,Liberia,9499
429,PA,03221,229,Liberia,9499
429,PA,03224,168,Liberia,9499
429,DE,00101,160,Liberia,9499
429,NJ,02002,123,Liberia,9499
429,PA,03228,121,Liberia,9499
429,NJ,02101,113,Liberia,9499
429,PA,03117,107,Liberia,9499
429,NJ,02202,106,Liberia,9499
429,DE,00105,95,Liberia,9499
429,PA,03015,90,Liberia,9499
429,NJ,02003,84,Liberia,9499
429,PA,03414,60,Liberia,9499
429,DE,00102,58,Liberia,9499
429,NJ,02104,55,Liberia,9499
429,NJ,02102,50,Liberia,9499
429,PA,03311,49,Liberia,9499
429,PA,03114,48,Liberia,9499
429,MD,00700,32,Liberia,9499
429,NJ,02201,28,Liberia,9499
429,PA,03314,18,Liberia,9499
429,PA,03413,15,Liberia,9499
429,NJ,02501,6,Liberia,9499
429,PA,03225,4,Liberia,9499
202,PA,03113,2007,Bangladesh,8809
202,PA,03312,1686,Bangladesh,8809
202,PA,03014,881,Bangladesh,8809
202,PA,03222,589,Bangladesh,8809
202,NJ,02103,567,Bangladesh,8809
202,PA,03227,481,Bangladesh,8809
202,PA,03229,391,Bangladesh,8809
202,NJ,02104,302,Bangladesh,8809
202,DE,00104,234,Bangladesh,8809
202,NJ,02001,221,Bangladesh,8809
202,PA,03223,138,Bangladesh,8809
202,DE,00101,131,Bangladesh,8809
202,NJ,02202,110,Bangladesh,8809
202,PA,03221,94,Bangladesh,8809
202,PA,03230,92,Bangladesh,8809
202,PA,03114,83,Bangladesh,8809
202,PA,03012,76,Bangladesh,8809
202,NJ,02003,66,Bangladesh,8809
202,PA,03225,60,Bangladesh,8809
202,PA,03116,58,Bangladesh,8809
202,PA,03015,51,Bangladesh,8809
202,PA,03413,50,Bangladesh,8809
202,PA,03314,48,Bangladesh,8809
202,PA,03311,44,Bangladesh,8809
202,PA,03228,41,Bangladesh,8809
202,PA,03224,38,Bangladesh,8809
202,PA,03112,36,Bangladesh,8809
202,NJ,02002,35,Bangladesh,8809
202,DE,00103,32,Bangladesh,8809
202,PA,03313,32,Bangladesh,8809
202,NJ,02102,31,Bangladesh,8809
202,PA,03013,28,Bangladesh,8809
202,PA,03117,27,Bangladesh,8809
202,DE,00105,21,Bangladesh,8809
202,PA,03412,20,Bangladesh,8809
202,PA,03216,8,Bangladesh,8809
332,PA,03222,2234,Haiti,8536
332,PA,03312,913,Haiti,8536
332,PA,03224,831,Haiti,8536
332,PA,03015,683,Haiti,8536
332,NJ,02001,640,Haiti,8536
332,NJ,02103,444,Haiti,8536
332,NJ,02101,393,Haiti,8536
332,PA,03227,278,Haiti,8536
332,PA,03225,215,Haiti,8536
332,PA,03313,192,Haiti,8536
332,PA,03011,158,Haiti,8536
332,DE,00101,136,Haiti,8536
332,NJ,02202,132,Haiti,8536
332,NJ,02002,123,Haiti,8536
332,DE,00105,100,Haiti,8536
332,PA,03311,100,Haiti,8536
332,NJ,02102,99,Haiti,8536
332,NJ,02501,74,Haiti,8536
332,PA,03228,73,Haiti,8536
332,NJ,02003,70,Haiti,8536
332,PA,03229,68,Haiti,8536
332,PA,03013,66,Haiti,8536
332,PA,03223,63,Haiti,8536
332,PA,03117,58,Haiti,8536
332,PA,03412,57,Haiti,8536
332,DE,00103,55,Haiti,8536
332,DE,00104,49,Haiti,8536
332,PA,03111,41,Haiti,8536
332,PA,03216,39,Haiti,8536
332,PA,03115,33,Haiti,8536
332,PA,03231,32,Haiti,8536
332,PA,03314,29,Haiti,8536
332,NJ,02104,26,Haiti,8536
332,DE,00102,19,Haiti,8536
332,MD,00700,13,Haiti,8536
440,PA,03227,838,Nigeria,7969
440,NJ,02001,786,Nigeria,7969
440,DE,00103,644,Nigeria,7969
440,PA,03313,622,Nigeria,7969
440,PA,03223,494,Nigeria,7969
440,NJ,02202,460,Nigeria,7969
440,PA,03312,396,Nigeria,7969
440,NJ,02103,365,Nigeria,7969
440,DE,00102,230,Nigeria,7969
440,PA,03224,230,Nigeria,7969
440,NJ,02003,197,Nigeria,7969
440,PA,03228,195,Nigeria,7969
440,DE,00105,181,Nigeria,7969
440,DE,00104,169,Nigeria,7969
440,PA,03222,153,Nigeria,7969
440,PA,03114,141,Nigeria,7969
440,PA,03412,133,Nigeria,7969
440,PA,03229,131,Nigeria,7969
440,PA,03014,120,Nigeria,7969
440,DE,00101,118,Nigeria,7969
440,PA,03231,118,Nigeria,7969
440,NJ,02102,114,Nigeria,7969
440,PA,03116,109,Nigeria,7969
440,PA,03117,104,Nigeria,7969
440,NJ,02104,103,Nigeria,7969
440,NJ,02501,93,Nigeria,7969
440,PA,03221,85,Nigeria,7969
440,PA,03216,81,Nigeria,7969
440,PA,03115,74,Nigeria,7969
440,PA,03314,66,Nigeria,7969
440,NJ,02002,63,Nigeria,7969
440,PA,03012,62,Nigeria,7969
440,PA,03111,61,Nigeria,7969
440,PA,03015,54,Nigeria,7969
440,PA,03311,52,Nigeria,7969
440,PA,03411,39,Nigeria,7969
440,NJ,02101,36,Nigeria,7969
440,PA,03112,25,Nigeria,7969
440,PA,03415,20,Nigeria,7969
440,MD,00700,7,Nigeria,7969
364,PA,03222,1193,Colombia,7872
364,PA,03114,577,Colombia,7872
364,PA,03412,565,Colombia,7872
364,PA,03225,547,Colombia,7872
364,PA,03223,443,Colombia,7872
364,NJ,02003,412,Colombia,7872
364,NJ,02001,358,Colombia,7872
364,DE,00103,297,Colombia,7872
364,NJ,02101,266,Colombia,7872
364,NJ,02501,255,Colombia,7872
364,PA,03116,241,Colombia,7872
364,PA,03413,203,Colombia,7872
364,PA,03221,197,Colombia,7872
364,PA,03216,172,Colombia,7872
364,PA,03414,160,Colombia,7872
364,NJ,02104,141,Colombia,7872
364,PA,03228,124,Colombia,7872
364,PA,03011,104,Colombia,7872
364,PA,03230,99,Colombia,7872
364,PA,03231,99,Colombia,7872
364,NJ,02201,96,Colombia,7872
364,PA,03313,91,Colombia,7872
364,DE,00102,89,Colombia,7872
364,PA,03224,89,Colombia,7872
364,NJ,02102,86,Colombia,7872
364,PA,03112,80,Colombia,7872
364,PA,03117,77,Colombia,7872
364,PA,03111,73,Colombia,7872
364,DE,00101,72,Colombia,7872
364,PA,03015,72,Colombia,7872
364,NJ,02002,69,Colombia,7872
364,PA,03012,66,Colombia,7872
364,NJ,02103,65,Colombia,7872
364,PA,03113,57,Colombia,7872
364,PA,03314,49,Colombia,7872
364,PA,03115,46,Colombia,7872
364,PA,03227,46,Colombia,7872
364,PA,03014,40,Colombia,7872
364,PA,03312,39,Colombia,7872
364,NJ,02202,36,Colombia,7872
364,DE,00104,33,Colombia,7872
364,DE,00105,27,Colombia,7872
364,PA,03411,18,Colombia,7872
364,PA,03013,3,Colombia,7872
314,PA,03231,851,Honduras,5911
314,NJ,02102,634,Honduras,5911
314,PA,03312,531,Honduras,5911
314,PA,03229,479,Honduras,5911
314,PA,03112,405,Honduras,5911
314,PA,03313,333,Honduras,5911
314,PA,03415,307,Honduras,5911
314,PA,03114,266,Honduras,5911
314,NJ,02103,190,Honduras,5911
314,NJ,02101,160,Honduras,5911
314,DE,00101,157,Honduras,5911
314,PA,03225,153,Honduras,5911
314,PA,03222,148,Honduras,5911
314,PA,03011,143,Honduras,5911
314,PA,03223,141,Honduras,5911
314,NJ,02001,114,Honduras,5911
314,DE,00103,110,Honduras,5911
314,NJ,02002,104,Honduras,5911
314,PA,03224,97,Honduras,5911
314,PA,03228,93,Honduras,5911
314,PA,03413,89,Honduras,5911
314,NJ,02501,53,Honduras,5911
314,PA,03115,51,Honduras,5911
314,DE,00102,48,Honduras,5911
314,NJ,02201,48,Honduras,5911
314,PA,03015,40,Honduras,5911
314,NJ,02003,36,Honduras,5911
314,PA,03230,24,Honduras,5911
314,PA,03012,23,Honduras,5911
314,PA,03117,23,Honduras,5911
314,DE,00104,20,Honduras,5911
314,PA,03216,19,Honduras,5911
314,PA,03113,11,Honduras,5911
314,DE,00105,10,Honduras,5911
163,PA,03221,1410,Russia,5714
163,PA,03013,526,Russia,5714
163,PA,03115,427,Russia,5714
163,PA,03014,359,Russia,5714
163,PA,03116,226,Russia,5714
163,PA,03311,212,Russia,5714
163,NJ,02002,200,Russia,5714
163,PA,03230,169,Russia,5714
163,PA,03411,166,Russia,5714
163,PA,03413,150,Russia,5714
163,PA,03314,141,Russia,5714
163,PA,03117,136,Russia,5714
163,NJ,02003,132,Russia,5714
163,PA,03113,118,Russia,5714
163,PA,03412,112,Russia,5714
163,DE,00101,107,Russia,5714
163,NJ,02104,99,Russia,5714
163,PA,03114,95,Russia,5714
163,DE,00104,89,Russia,5714
163,MD,00700,74,Russia,5714
163,PA,03012,61,Russia,5714
163,NJ,02001,60,Russia,5714
163,DE,00102,58,Russia,5714
163,PA,03313,54,Russia,5714
163,PA,03015,53,Russia,5714
163,PA,03224,45,Russia,5714
163,PA,03228,42,Russia,5714
163,NJ,02202,41,Russia,5714
163,PA,03222,38,Russia,5714
163,PA,03415,38,Russia,5714
163,PA,03111,33,Russia,5714
163,PA,03231,31,Russia,5714
163,NJ,02201,27,Russia,5714
163,PA,03112,27,Russia,5714
163,DE,00103,20,Russia,5714
163,PA,03414,20,Russia,5714
163,PA,03227,19,Russia,5714
163,NJ,02102,18,Russia,5714
163,NJ,02501,18,Russia,5714
163,PA,03216,17,Russia,5714
163,PA,03225,14,Russia,5714
163,NJ,02101,11,Russia,5714
163,DE,00105,8,Russia,5714
163,PA,03011,7,Russia,5714
163,PA,03229,6,Russia,5714
128,PA,03228,871,Poland,5672
128,PA,03013,351,Poland,5672
128,PA,03112,342,Poland,5672
128,NJ,02003,317,Poland,5672
128,PA,03221,293,Poland,5672
128,PA,03014,232,Poland,5672
128,PA,03230,222,Poland,5672
128,NJ,02104,217,Poland,5672
128,NJ,02103,211,Poland,5672
128,PA,03414,190,Poland,5672
128,PA,03411,179,Poland,5672
128,NJ,02002,153,Poland,5672
128,NJ,02001,138,Poland,5672
128,DE,00101,135,Poland,5672
128,PA,03413,127,Poland,5672
128,NJ,02102,121,Poland,5672
128,PA,03113,118,Poland,5672
128,PA,03222,110,Poland,5672
128,DE,00102,106,Poland,5672
128,PA,03313,105,Poland,5672
128,PA,03314,102,Poland,5672
128,PA,03229,84,Poland,5672
128,PA,03114,77,Poland,5672
128,DE,00104,66,Poland,5672
128,PA,03015,66,Poland,5672
128,PA,03116,64,Poland,5672
128,PA,03311,63,Poland,5672
128,PA,03117,62,Poland,5672
128,NJ,02202,55,Poland,5672
128,PA,03011,53,Poland,5672
128,PA,03312,43,Poland,5672
128,NJ,02101,41,Poland,5672
128,PA,03412,39,Poland,5672
128,PA,03111,38,Poland,5672
128,NJ,02501,34,Poland,5672
128,PA,03415,34,Poland,5672
128,NJ,02201,33,Poland,5672
128,PA,03012,31,Poland,5672
128,DE,00103,29,Poland,5672
128,PA,03115,26,Poland,5672
128,DE,00105,25,Poland,5672
128,MD,00700,18,Poland,5672
128,PA,03227,16,Poland,5672
128,PA,03223,12,Poland,5672
128,PA,03225,10,Poland,5672
128,PA,03224,8,Poland,5672
128,PA,03216,3,Poland,5672
128,PA,03231,2,Poland,5672
110,PA,03228,375,Germany,5600
110,PA,03311,355,Germany,5600
110,PA,03013,344,Germany,5600
110,PA,03411,308,Germany,5600
110,PA,03230,278,Germany,5600
110,PA,03412,253,Germany,5600
110,NJ,02003,244,Germany,5600
110,PA,03216,242,Germany,5600
110,PA,03015,231,Germany,5600
110,NJ,02001,194,Germany,5600
110,PA,03221,179,Germany,5600
110,PA,03115,168,Germany,5600
110,PA,03012,144,Germany,5600
110,PA,03314,144,Germany,5600
110,PA,03413,136,Germany,5600
110,NJ,02202,125,Germany,5600
110,DE,00102,112,Germany,5600
110,PA,03113,108,Germany,5600
110,NJ,02201,100,Germany,5600
110,NJ,02104,96,Germany,5600
110,PA,03014,90,Germany,5600
110,MD,00700,85,Germany,5600
110,PA,03415,81,Germany,5600
110,PA,03112,80,Germany,5600
110,PA,03229,75,Germany,5600
110,PA,03223,71,Germany,5600
110,NJ,02102,70,Germany,5600
110,PA,03116,68,Germany,5600
110,PA,03117,68,Germany,5600
110,PA,03312,68,Germany,5600
110,DE,00101,62,Germany,5600
110,DE,00105,61,Germany,5600
110,NJ,02002,58,Germany,5600
110,PA,03011,58,Germany,5600
110,NJ,02501,56,Germany,5600
110,PA,03114,52,Germany,5600
110,PA,03222,49,Germany,5600
110,PA,03414,47,Germany,5600
110,NJ,02101,45,Germany,5600
110,PA,03111,45,Germany,5600
110,NJ,02103,42,Germany,5600
110,DE,00104,39,Germany,5600
110,PA,03313,39,Germany,5600
110,PA,03231,24,Germany,5600
110,DE,00103,20,Germany,5600
110,PA,03224,11,Germany,5600
120,PA,03231,348,Italy,5464
120,NJ,02202,342,Italy,5464
120,NJ,02103,329,Italy,5464
120,PA,03015,300,Italy,5464
120,PA,03230,294,Italy,5464
120,PA,03114,277,Italy,5464
120,NJ,02001,269,Italy,5464
120,PA,03311,244,Italy,5464
120,NJ,02002,184,Italy,5464
120,PA,03115,183,Italy,5464
120,PA,03314,162,Italy,5464
120,PA,03111,159,Italy,5464
120,DE,00101,158,Italy,5464
120,NJ,02201,157,Italy,5464
120,PA,03013,145,Italy,5464
120,PA,03011,137,Italy,5464
120,PA,03112,126,Italy,5464
120,PA,03228,118,Italy,5464
120,NJ,02104,114,Italy,5464
120,PA,03014,108,Italy,5464
120,PA,03113,104,Italy,5464
120,PA,03116,101,Italy,5464
120,PA,03412,99,Italy,5464
120,NJ,02003,96,Italy,5464
120,PA,03413,82,Italy,5464
120,PA,03313,74,Italy,5464
120,PA,03222,73,Italy,5464
120,PA,03229,72,Italy,5464
120,PA,03223,70,Italy,5464
120,PA,03411,66,Italy,5464
120,DE,00103,60,Italy,5464
120,PA,03227,57,Italy,5464
120,PA,03312,56,Italy,5464
120,PA,03221,49,Italy,5464
120,PA,03414,45,Italy,5464
120,DE,00102,34,Italy,5464
120,PA,03012,33,Italy,5464
120,NJ,02501,29,Italy,5464
120,NJ,02101,24,Italy,5464
120,PA,03216,24,Italy,5464
120,PA,03415,24,Italy,5464
120,DE,00105,21,Italy,5464
120,NJ,02102,17,Italy,5464
301,PA,03230,381,Canada,5291
301,PA,03413,372,Canada,5291
301,PA,03115,253,Canada,5291
301,PA,03311,242,Canada,5291
301,PA,03113,231,Canada,5291
301,NJ,02002,212,Canada,5291
301,PA,03012,210,Canada,5291
301,PA,03411,208,Canada,5291
301,PA,03412,182,Canada,5291
301,PA,03116,177,Canada,5291
301,DE,00105,173,Canada,5291
301,PA,03415,173,Canada,5291
301,PA,03216,167,Canada,5291
301,PA,03231,144,Canada,5291
301,PA,03013,139,Canada,5291
301,PA,03228,133,Canada,5291
301,PA,03011,113,Canada,5291
301,PA,03111,111,Canada,5291
301,DE,00104,108,Canada,5291
301,PA,03229,105,Canada,5291
301,PA,03117,103,Canada,5291
301,NJ,02202,96,Canada,5291
301,NJ,02003,89,Canada,5291
301,NJ,02102,89,Canada,5291
301,NJ,02104,82,Canada,5291
301,PA,03114,82,Canada,5291
301,NJ,02101,75,Canada,5291
301,PA,03314,75,Canada,5291
301,PA,03015,74,Canada,5291
301,PA,03414,70,Canada,5291
301,NJ,02201,68,Canada,5291
301,MD,00700,61,Canada,5291
301,DE,00101,56,Canada,5291
301,DE,00103,54,Canada,5291
301,NJ,02001,53,Canada,5291
301,PA,03224,51,Canada,5291
301,PA,03014,44,Canada,5291
301,PA,03112,40,Canada,5291
301,NJ,02103,34,Canada,5291
301,PA,03313,31,Canada,5291
301,PA,03225,28,Canada,5291
301,PA,03223,25,Canada,5291
301,NJ,02501,23,Canada,5291
301,PA,03227,22,Canada,5291
301,PA,03222,20,Canada,5291
301,PA,03312,12,Canada,5291
365,PA,03312,1204,Ecuador,5071
365,PA,03014,337,Ecuador,5071
365,PA,03116,335,Ecuador,5071
365,NJ,02001,301,Ecuador,5071
365,PA,03113,288,Ecuador,5071
365,PA,03222,195,Ecuador,5071
365,NJ,02102,160,Ecuador,5071
365,NJ,02002,153,Ecuador,5071
365,PA,03413,147,Ecuador,5071
365,PA,03114,137,Ecuador,5071
365,PA,03112,124,Ecuador,5071
365,PA,03230,122,Ecuador,5071
365,PA,03015,106,Ecuador,5071
365,DE,00102,103,Ecuador,5071
365,PA,03216,102,Ecuador,5071
365,NJ,02003,99,Ecuador,5071
365,NJ,02101,99,Ecuador,5071
365,NJ,02104,94,Ecuador,5071
365,NJ,02201,83,Ecuador,5071
365,PA,03414,79,Ecuador,5071
365,PA,03221,65,Ecuador,5071
365,NJ,02103,63,Ecuador,5071
365,PA,03314,62,Ecuador,5071
365,DE,00103,61,Ecuador,5071
365,PA,03224,49,Ecuador,5071
365,PA,03228,48,Ecuador,5071
365,PA,03117,46,Ecuador,5071
365,PA,03415,46,Ecuador,5071
365,PA,03231,45,Ecuador,5071
365,DE,00104,40,Ecuador,5071
365,PA,03225,39,Ecuador,5071
365,NJ,02202,38,Ecuador,5071
365,PA,03311,37,Ecuador,5071
365,NJ,02501,36,Ecuador,5071
365,DE,00105,33,Ecuador,5071
365,PA,03223,30,Ecuador,5071
365,PA,03013,25,Ecuador,5071
365,PA,03111,25,Ecuador,5071
365,PA,03411,15,Ecuador,5071
231,PA,03014,705,Pakistan,4917
231,PA,03222,633,Pakistan,4917
231,PA,03115,313,Pakistan,4917
231,PA,03312,282,Pakistan,4917
231,DE,00105,267,Pakistan,4917
231,PA,03111,216,Pakistan,4917
231,NJ,02104,188,Pakistan,4917
231,NJ,02202,184,Pakistan,4917
231,PA,03412,182,Pakistan,4917
231,NJ,02001,148,Pakistan,4917
231,NJ,02103,135,Pakistan,4917
231,NJ,02101,134,Pakistan,4917
231,PA,03413,127,Pakistan,4917
231,DE,00104,124,Pakistan,4917
231,PA,03221,118,Pakistan,4917
231,PA,03013,112,Pakistan,4917
231,DE,00103,99,Pakistan,4917
231,NJ,02201,98,Pakistan,4917
231,NJ,02002,89,Pakistan,4917
231,NJ,02003,77,Pakistan,4917
231,PA,03229,75,Pakistan,4917
231,PA,03114,73,Pakistan,4917
231,PA,03314,70,Pakistan,4917
231,PA,03230,69,Pakistan,4917
231,PA,03311,68,Pakistan,4917
231,DE,00102,64,Pakistan,4917
231,PA,03113,53,Pakistan,4917
231,PA,03223,41,Pakistan,4917
231,PA,03112,38,Pakistan,4917
231,PA,03015,37,Pakistan,4917
231,PA,03012,29,Pakistan,4917
231,PA,03227,25,Pakistan,4917
231,PA,03117,21,Pakistan,4917
231,MD,00700,12,Pakistan,4917
231,PA,03231,11,Pakistan,4917
165,PA,03221,2419,USSR,4841
165,PA,03222,650,USSR,4841
165,PA,03014,551,USSR,4841
165,PA,03013,316,USSR,4841
165,PA,03015,160,USSR,4841
165,PA,03115,148,USSR,4841
165,NJ,02002,93,USSR,4841
165,PA,03230,92,USSR,4841
165,PA,03228,84,USSR,4841
165,PA,03116,62,USSR,4841
165,DE,00103,51,USSR,4841
165,PA,03314,36,USSR,4841
165,DE,00105,28,USSR,4841
165,PA,03113,28,USSR,4841
165,PA,03216,27,USSR,4841
165,PA,03012,23,USSR,4841
165,PA,03412,21,USSR,4841
165,PA,03112,18,USSR,4841
165,DE,00101,14,USSR,4841
165,NJ,02104,12,USSR,4841
165,NJ,02102,8,USSR,4841
312,NJ,02102,1038,El Salvador,4712
312,PA,03228,326,El Salvador,4712
312,PA,03114,300,El Salvador,4712
312,DE,00103,284,El Salvador,4712
312,PA,03012,260,El Salvador,4712
312,NJ,02001,257,El Salvador,4712
312,DE,00104,236,El Salvador,4712
312,PA,03225,235,El Salvador,4712
312,NJ,02101,196,El Salvador,4712
312,NJ,02202,193,El Salvador,4712
312,PA,03115,187,El Salvador,4712
312,PA,03231,161,El Salvador,4712
312,NJ,02003,119,El Salvador,4712
312,PA,03111,110,El Salvador,4712
312,NJ,02103,107,El Salvador,4712
312,PA,03112,97,El Salvador,4712
312,MD,00700,88,El Salvador,4712
312,PA,03222,78,El Salvador,4712
312,DE,00102,73,El Salvador,4712
312,PA,03312,68,El Salvador,4712
312,PA,03011,60,El Salvador,4712
312,NJ,02201,52,El Salvador,4712
312,PA,03221,49,El Salvador,4712
312,PA,03230,36,El Salvador,4712
312,PA,03313,21,El Salvador,4712
312,PA,03014,17,El Salvador,4712
312,NJ,02501,15,El Salvador,4712
312,DE,00101,14,El Salvador,4712
312,NJ,02104,14,El Salvador,4712
312,DE,00105,12,El Salvador,4712
312,PA,03414,9,El Salvador,4712
206,PA,03231,1291,Cambodia,4634
206,PA,03224,517,Cambodia,4634
206,PA,03222,412,Cambodia,4634
206,PA,03311,386,Cambodia,4634
206,PA,03229,286,Cambodia,4634
206,NJ,02002,227,Cambodia,4634
206,PA,03312,209,Cambodia,4634
206,NJ,02101,184,Cambodia,4634
206,PA,03313,164,Cambodia,4634
206,PA,03116,159,Cambodia,4634
206,PA,03117,120,Cambodia,4634
206,DE,00101,110,Cambodia,4634
206,NJ,02104,86,Cambodia,4634
206,NJ,02202,69,Cambodia,4634
206,PA,03230,63,Cambodia,4634
206,NJ,02103,51,Cambodia,4634
206,PA,03221,42,Cambodia,4634
206,PA,03216,39,Cambodia,4634
206,PA,03223,38,Cambodia,4634
206,PA,03111,36,Cambodia,4634
206,PA,03228,29,Cambodia,4634
206,NJ,02003,19,Cambodia,4634
206,PA,03011,18,Cambodia,4634
206,DE,00102,16,Cambodia,4634
206,PA,03015,16,Cambodia,4634
206,PA,03114,16,Cambodia,4634
206,PA,03314,16,Cambodia,4634
206,NJ,02001,8,Cambodia,4634
206,DE,00105,7,Cambodia,4634
421,DE,00103,746,Ghana,4594
421,DE,00104,531,Ghana,4594
421,NJ,02001,322,Ghana,4594
421,DE,00105,304,Ghana,4594
421,PA,03227,281,Ghana,4594
421,PA,03221,210,Ghana,4594
421,PA,03114,201,Ghana,4594
421,PA,03224,185,Ghana,4594
421,PA,03312,174,Ghana,4594
421,PA,03313,171,Ghana,4594
421,PA,03229,168,Ghana,4594
421,NJ,02102,165,Ghana,4594
421,PA,03216,151,Ghana,4594
421,NJ,02103,144,Ghana,4594
421,PA,03013,117,Ghana,4594
421,PA,03115,100,Ghana,4594
421,PA,03231,83,Ghana,4594
421,PA,03228,74,Ghana,4594
421,PA,03311,61,Ghana,4594
421,PA,03413,61,Ghana,4594
421,MD,00700,59,Ghana,4594
421,DE,00101,45,Ghana,4594
421,NJ,02104,38,Ghana,4594
421,PA,03222,31,Ghana,4594
421,PA,03117,28,Ghana,4594
421,DE,00102,26,Ghana,4594
421,PA,03113,21,Ghana,4594
421,NJ,02101,20,Ghana,4594
421,NJ,02501,19,Ghana,4594
421,PA,03412,18,Ghana,4594
421,NJ,02003,12,Ghana,4594
421,PA,03314,12,Ghana,4594
421,NJ,02201,10,Ghana,4594
421,PA,03223,6,Ghana,4594
139,PA,03311,269,England,3930
139,PA,03114,220,England,3930
139,NJ,02104,209,England,3930
139,NJ,02002,202,England,3930
139,PA,03415,199,England,3930
139,PA,03312,168,England,3930
139,PA,03314,151,England,3930
139,NJ,02202,145,England,3930
139,PA,03229,134,England,3930
139,PA,03012,127,England,3930
139,PA,03014,124,England,3930
139,DE,00101,121,England,3930
139,PA,03116,118,England,3930
139,NJ,02201,114,England,3930
139,PA,03117,114,England,3930
139,PA,03115,113,England,3930
139,NJ,02001,100,England,3930
139,PA,03015,99,England,3930
139,DE,00103,97,England,3930
139,PA,03216,87,England,3930
139,NJ,02003,80,England,3930
139,NJ,02102,66,England,3930
139,PA,03230,64,England,3930
139,PA,03013,63,England,3930
139,PA,03222,63,England,3930
139,PA,03412,61,England,3930
139,PA,03414,60,England,3930
139,PA,03225,59,England,3930
139,NJ,02501,57,England,3930
139,PA,03111,54,England,3930
139,MD,00700,53,England,3930
139,PA,03112,53,England,3930
139,PA,03413,49,England,3930
139,DE,00102,37,England,3930
139,PA,03228,35,England,3930
139,NJ,02103,32,England,3930
139,PA,03113,29,England,3930
139,PA,03411,25,England,3930
139,PA,03231,24,England,3930
139,DE,00105,20,England,3930
139,NJ,02101,14,England,3930
139,PA,03313,12,England,3930
139,DE,00104,9,England,3930
138,PA,03311,326,"United Kingdom, Not Specified",3662
138,PA,03229,296,"United Kingdom, Not Specified",3662
138,PA,03230,225,"United Kingdom, Not Specified",3662
138,PA,03117,223,"United Kingdom, Not Specified",3662
138,PA,03412,200,"United Kingdom, Not Specified",3662
138,PA,03415,184,"United Kingdom, Not Specified",3662
138,DE,00101,171,"United Kingdom, Not Specified",3662
138,PA,03411,170,"United Kingdom, Not Specified",3662
138,PA,03413,149,"United Kingdom, Not Specified",3662
138,PA,03116,134,"United Kingdom, Not Specified",3662
138,NJ,02002,115,"United Kingdom, Not Specified",3662
138,NJ,02003,109,"United Kingdom, Not Specified",3662
138,PA,03015,108,"United Kingdom, Not Specified",3662
138,PA,03228,107,"United Kingdom, Not Specified",3662
138,PA,03216,105,"United Kingdom, Not Specified",3662
138,MD,00700,90,"United Kingdom, Not Specified",3662
138,DE,00105,84,"United Kingdom, Not Specified",3662
138,PA,03314,80,"United Kingdom, Not Specified",3662
138,NJ,02102,75,"United Kingdom, Not Specified",3662
138,NJ,02201,73,"United Kingdom, Not Specified",3662
138,DE,00102,65,"United Kingdom, Not Specified",3662
138,NJ,02104,63,"United Kingdom, Not Specified",3662
138,PA,03011,59,"United Kingdom, Not Specified",3662
138,PA,03012,53,"United Kingdom, Not Specified",3662
138,NJ,02202,50,"United Kingdom, Not Specified",3662
138,PA,03013,46,"United Kingdom, Not Specified",3662
138,PA,03114,36,"United Kingdom, Not Specified",3662
138,NJ,02001,31,"United Kingdom, Not Specified",3662
138,PA,03112,30,"United Kingdom, Not Specified",3662
138,PA,03014,27,"United Kingdom, Not Specified",3662
138,PA,03115,27,"United Kingdom, Not Specified",3662
138,DE,00104,26,"United Kingdom, Not Specified",3662
138,PA,03111,23,"United Kingdom, Not Specified",3662
138,PA,03414,23,"United Kingdom, Not Specified",3662
138,NJ,02501,21,"United Kingdom, Not Specified",3662
138,PA,03227,18,"United Kingdom, Not Specified",3662
138,PA,03313,17,"United Kingdom, Not Specified",3662
138,NJ,02103,15,"United Kingdom, Not Specified",3662
138,DE,00103,8,"United Kingdom, Not Specified",3662
341,PA,03224,504,Trinidad and Tobago,3657
341,PA,03227,454,Trinidad and Tobago,3657
341,PA,03222,413,Trinidad and Tobago,3657
341,NJ,02001,306,Trinidad and Tobago,3657
341,NJ,02103,162,Trinidad and Tobago,3657
341,PA,03014,152,Trinidad and Tobago,3657
341,PA,03117,150,Trinidad and Tobago,3657
341,DE,00103,145,Trinidad and Tobago,3657
341,PA,03111,142,Trinidad and Tobago,3657
341,NJ,02101,127,Trinidad and Tobago,3657
341,NJ,02003,122,Trinidad and Tobago,3657
341,DE,00102,93,Trinidad and Tobago,3657
341,PA,03229,91,Trinidad and Tobago,3657
341,MD,00700,90,Trinidad and Tobago,3657
341,PA,03228,75,Trinidad and Tobago,3657
341,PA,03216,74,Trinidad and Tobago,3657
341,PA,03114,68,Trinidad and Tobago,3657
341,PA,03230,54,Trinidad and Tobago,3657
341,NJ,02102,53,Trinidad and Tobago,3657
341,PA,03412,44,Trinidad and Tobago,3657
341,PA,03013,41,Trinidad and Tobago,3657
341,DE,00101,39,Trinidad and Tobago,3657
341,PA,03312,39,Trinidad and Tobago,3657
341,PA,03313,39,Trinidad and Tobago,3657
341,DE,00104,34,Trinidad and Tobago,3657
341,PA,03414,31,Trinidad and Tobago,3657
341,PA,03116,28,Trinidad and Tobago,3657
341,NJ,02501,26,Trinidad and Tobago,3657
341,PA,03113,22,Trinidad and Tobago,3657
341,NJ,02202,12,Trinidad and Tobago,3657
341,PA,03112,10,Trinidad and Tobago,3657
341,NJ,02201,7,Trinidad and Tobago,3657
341,PA,03115,5,Trinidad and Tobago,3657
341,PA,03311,5,Trinidad and Tobago,3657
240,DE,00101,369,Taiwan,3505
240,PA,03412,340,Taiwan,3505
240,PA,03116,289,Taiwan,3505
240,PA,03014,271,Taiwan,3505
240,PA,03311,180,Taiwan,3505
240,NJ,02104,138,Taiwan,3505
240,DE,00104,124,Taiwan,3505
240,PA,03114,124,Taiwan,3505
240,NJ,02002,120,Taiwan,3505
240,DE,00105,118,Taiwan,3505
240,PA,03012,117,Taiwan,3505
240,PA,03314,105,Taiwan,3505
240,NJ,02103,104,Taiwan,3505
240,PA,03115,85,Taiwan,3505
240,PA,03312,85,Taiwan,3505
240,PA,03117,83,Taiwan,3505
240,PA,03216,69,Taiwan,3505
240,PA,03223,62,Taiwan,3505
240,PA,03231,62,Taiwan,3505
240,DE,00102,60,Taiwan,3505
240,PA,03013,57,Taiwan,3505
240,PA,03111,56,Taiwan,3505
240,NJ,02202,52,Taiwan,3505
240,PA,03230,46,Taiwan,3505
240,PA,03229,42,Taiwan,3505
240,NJ,02003,41,Taiwan,3505
240,PA,03113,41,Taiwan,3505
240,PA,03011,37,Taiwan,3505
240,DE,00103,34,Taiwan,3505
240,MD,00700,34,Taiwan,3505
240,PA,03228,31,Taiwan,3505
240,NJ,02201,30,Taiwan,3505
240,PA,03413,27,Taiwan,3505
240,PA,03227,26,Taiwan,3505
240,NJ,02001,19,Taiwan,3505
240,PA,03414,10,Taiwan,3505
240,PA,03415,10,Taiwan,3505
240,PA,03222,7,Taiwan,3505
462,PA,03227,925,Africa,3499
462,PA,03229,673,Africa,3499
462,PA,03312,552,Africa,3499
462,DE,00103,523,Africa,3499
462,DE,00104,254,Africa,3499
462,PA,03313,140,Africa,3499
462,PA,03412,123,Africa,3499
462,NJ,02002,112,Africa,3499
462,PA,03116,107,Africa,3499
462,MD,00700,32,Africa,3499
462,PA,03114,19,Africa,3499
462,PA,03111,15,Africa,3499
462,NJ,02001,13,Africa,3499
462,NJ,02202,6,Africa,3499
462,NJ,02501,5,Africa,3499
414,PA,03015,642,Egypt,3461
414,PA,03222,425,Egypt,3461
414,PA,03313,289,Egypt,3461
414,PA,03113,258,Egypt,3461
414,PA,03014,206,Egypt,3461
414,DE,00104,195,Egypt,3461
414,PA,03228,178,Egypt,3461
414,NJ,02104,169,Egypt,3461
414,NJ,02002,143,Egypt,3461
414,PA,03114,136,Egypt,3461
414,DE,00103,129,Egypt,3461
414,PA,03111,103,Egypt,3461
414,NJ,02003,99,Egypt,3461
414,PA,03415,79,Egypt,3461
414,PA,03112,74,Egypt,3461
414,PA,03312,52,Egypt,3461
414,PA,03116,50,Egypt,3461
414,NJ,02201,39,Egypt,3461
414,PA,03011,37,Egypt,3461
414,PA,03115,35,Egypt,3461
414,PA,03411,34,Egypt,3461
414,DE,00101,31,Egypt,3461
414,PA,03221,21,Egypt,3461
414,PA,03314,18,Egypt,3461
414,NJ,02103,13,Egypt,3461
414,NJ,02202,6,Egypt,3461
160,PA,03221,959,Belarus,3418
160,PA,03013,912,Belarus,3418
160,PA,03014,395,Belarus,3418
160,PA,03115,302,Belarus,3418
160,PA,03230,129,Belarus,3418
160,PA,03413,96,Belarus,3418
160,PA,03313,94,Belarus,3418
160,PA,03012,80,Belarus,3418
160,PA,03228,80,Belarus,3418
160,PA,03222,74,Belarus,3418
160,PA,03111,69,Belarus,3418
160,PA,03216,58,Belarus,3418
160,PA,03231,38,Belarus,3418
160,PA,03411,35,Belarus,3418
160,PA,03224,32,Belarus,3418
160,DE,00102,26,Belarus,3418
160,NJ,02104,21,Belarus,3418
160,PA,03116,13,Belarus,3418
160,DE,00101,5,Belarus,3418
243,NJ,02001,477,Turkey,3337
243,NJ,02104,417,Turkey,3337
243,NJ,02202,348,Turkey,3337
243,NJ,02002,239,Turkey,3337
243,PA,03228,180,Turkey,3337
243,PA,03012,173,Turkey,3337
243,NJ,02103,129,Turkey,3337
243,PA,03014,122,Turkey,3337
243,DE,00104,118,Turkey,3337
243,PA,03230,113,Turkey,3337
243,PA,03116,107,Turkey,3337
243,PA,03312,101,Turkey,3337
243,PA,03311,97,Turkey,3337
243,NJ,02102,86,Turkey,3337
243,PA,03015,84,Turkey,3337
243,PA,03413,71,Turkey,3337
243,NJ,02201,67,Turkey,3337
243,PA,03229,55,Turkey,3337
243,NJ,02101,39,Turkey,3337
243,NJ,02501,39,Turkey,3337
243,PA,03013,37,Turkey,3337
243,DE,00102,36,Turkey,3337
243,PA,03222,32,Turkey,3337
243,PA,03227,32,Turkey,3337
243,PA,03115,29,Turkey,3337
243,NJ,02003,25,Turkey,3337
243,PA,03231,25,Turkey,3337
243,PA,03112,18,Turkey,3337
243,PA,03223,18,Turkey,3337
243,PA,03216,9,Turkey,3337
243,DE,00101,7,Turkey,3337
243,MD,00700,7,Turkey,3337
100,PA,03221,651,Albania,3218
100,PA,03222,483,Albania,3218
100,PA,03311,351,Albania,3218
100,PA,03223,337,Albania,3218
100,PA,03115,240,Albania,3218
100,PA,03015,195,Albania,3218
100,PA,03231,130,Albania,3218
100,PA,03228,116,Albania,3218
100,PA,03412,91,Albania,3218
100,PA,03012,84,Albania,3218
100,PA,03313,74,Albania,3218
100,NJ,02104,71,Albania,3218
100,NJ,02102,69,Albania,3218
100,PA,03413,68,Albania,3218
100,PA,03111,64,Albania,3218
100,PA,03227,39,Albania,3218
100,PA,03117,38,Albania,3218
100,DE,00101,33,Albania,3218
100,PA,03014,31,Albania,3218
100,NJ,02002,27,Albania,3218
100,PA,03216,26,Albania,3218
373,PA,03227,352,Venezuela,3074
373,DE,00103,322,Venezuela,3074
373,PA,03015,225,Venezuela,3074
373,PA,03223,186,Venezuela,3074
373,PA,03415,171,Venezuela,3074
373,NJ,02003,169,Venezuela,3074
373,PA,03313,158,Venezuela,3074
373,PA,03312,126,Venezuela,3074
373,PA,03231,118,Venezuela,3074
373,PA,03216,101,Venezuela,3074
373,NJ,02102,98,Venezuela,3074
373,NJ,02202,96,Venezuela,3074
373,NJ,02002,90,Venezuela,3074
373,PA,03311,83,Venezuela,3074
373,PA,03229,81,Venezuela,3074
373,DE,00105,76,Venezuela,3074
373,PA,03013,70,Venezuela,3074
373,NJ,02101,65,Venezuela,3074
373,PA,03012,62,Venezuela,3074
373,DE,00102,59,Venezuela,3074
373,DE,00104,56,Venezuela,3074
373,PA,03222,54,Venezuela,3074
373,PA,03230,52,Venezuela,3074
373,PA,03011,51,Venezuela,3074
373,PA,03314,35,Venezuela,3074
373,NJ,02201,29,Venezuela,3074
373,PA,03221,24,Venezuela,3074
373,PA,03117,21,Venezuela,3074
373,PA,03412,20,Venezuela,3074
373,PA,03112,15,Venezuela,3074
373,PA,03414,9,Venezuela,3074
116,PA,03311,578,Greece,2782
116,PA,03312,294,Greece,2782
116,PA,03221,208,Greece,2782
116,PA,03230,174,Greece,2782
116,NJ,02104,128,Greece,2782
116,DE,00101,126,Greece,2782
116,PA,03222,121,Greece,2782
116,NJ,02002,114,Greece,2782
116,NJ,02202,109,Greece,2782
116,PA,03011,104,Greece,2782
116,PA,03012,97,Greece,2782
116,PA,03116,78,Greece,2782
116,PA,03314,75,Greece,2782
116,NJ,02201,74,Greece,2782
116,PA,03014,66,Greece,2782
116,PA,03115,64,Greece,2782
116,PA,03413,47,Greece,2782
116,PA,03231,42,Greece,2782
116,PA,03015,36,Greece,2782
116,PA,03113,36,Greece,2782
116,PA,03216,34,Greece,2782
116,PA,03415,33,Greece,2782
116,PA,03117,30,Greece,2782
116,NJ,02103,29,Greece,2782
116,DE,00102,24,Greece,2782
116,PA,03114,21,Greece,2782
116,NJ,02102,18,Greece,2782
116,DE,00103,13,Greece,2782
116,NJ,02501,6,Greece,2782
116,NJ,02003,3,Greece,2782
246,PA,03221,995,Uzbekistan,2741
246,PA,03012,744,Uzbekistan,2741
246,PA,03013,204,Uzbekistan,2741
246,PA,03011,187,Uzbekistan,2741
246,PA,03223,109,Uzbekistan,2741
246,PA,03115,95,Uzbekistan,2741
246,PA,03228,94,Uzbekistan,2741
246,PA,03014,72,Uzbekistan,2741
246,PA,03116,54,Uzbekistan,2741
246,NJ,02002,47,Uzbekistan,2741
246,PA,03111,35,Uzbekistan,2741
246,PA,03311,34,Uzbekistan,2741
246,PA,03230,31,Uzbekistan,2741
246,DE,00101,24,Uzbekistan,2741
246,NJ,02001,16,Uzbekistan,2741
427,DE,00103,277,Kenya,2677
427,DE,00104,258,Kenya,2677
427,PA,03223,252,Kenya,2677
427,DE,00105,247,Kenya,2677
427,PA,03222,212,Kenya,2677
427,PA,03312,182,Kenya,2677
427,PA,03228,128,Kenya,2677
427,PA,03111,127,Kenya,2677
427,PA,03224,114,Kenya,2677
427,MD,00700,96,Kenya,2677
427,PA,03413,87,Kenya,2677
427,PA,03116,73,Kenya,2677
427,PA,03011,71,Kenya,2677
427,PA,03412,57,Kenya,2677
427,PA,03117,49,Kenya,2677
427,DE,00102,45,Kenya,2677
427,NJ,02003,43,Kenya,2677
427,NJ,02104,41,Kenya,2677
427,PA,03411,41,Kenya,2677
427,PA,03311,40,Kenya,2677
427,PA,03227,37,Kenya,2677
427,PA,03113,35,Kenya,2677
427,NJ,02001,34,Kenya,2677
427,PA,03015,29,Kenya,2677
427,NJ,02202,25,Kenya,2677
427,NJ,02103,19,Kenya,2677
427,PA,03014,19,Kenya,2677
427,PA,03112,19,Kenya,2677
427,PA,03313,17,Kenya,2677
427,NJ,02501,3,Kenya,2677
436,PA,03412,334,Morocco,2557
436,DE,00104,263,Morocco,2557
436,PA,03114,253,Morocco,2557
436,PA,03313,206,Morocco,2557
436,PA,03221,193,Morocco,2557
436,PA,03227,171,Morocco,2557
436,NJ,02101,154,Morocco,2557
436,NJ,02202,140,Morocco,2557
436,MD,00700,130,Morocco,2557
436,PA,03222,96,Morocco,2557
436,NJ,02201,79,Morocco,2557
436,PA,03229,69,Morocco,2557
436,DE,00101,55,Morocco,2557
436,NJ,02002,47,Morocco,2557
436,PA,03115,47,Morocco,2557
436,NJ,02102,46,Morocco,2557
436,NJ,02103,41,Morocco,2557
436,PA,03312,41,Morocco,2557
436,NJ,02001,37,Morocco,2557
436,PA,03112,34,Morocco,2557
436,PA,03413,34,Morocco,2557
436,PA,03116,26,Morocco,2557
436,PA,03013,19,Morocco,2557
436,DE,00102,18,Morocco,2557
436,NJ,02104,14,Morocco,2557
436,PA,03011,10,Morocco,2557
368,PA,03014,309,Guyana,2475
368,NJ,02001,297,Guyana,2475
368,DE,00102,225,Guyana,2475
368,PA,03224,209,Guyana,2475
368,PA,03229,209,Guyana,2475
368,NJ,02201,151,Guyana,2475
368,PA,03312,115,Guyana,2475
368,DE,00103,101,Guyana,2475
368,PA,03412,89,Guyana,2475
368,DE,00101,79,Guyana,2475
368,PA,03117,71,Guyana,2475
368,PA,03111,64,Guyana,2475
368,NJ,02501,63,Guyana,2475
368,PA,03411,58,Guyana,2475
368,NJ,02101,45,Guyana,2475
368,MD,00700,44,Guyana,2475
368,PA,03222,43,Guyana,2475
368,PA,03311,42,Guyana,2475
368,PA,03216,39,Guyana,2475
368,PA,03015,33,Guyana,2475
368,PA,03231,33,Guyana,2475
368,NJ,02103,28,Guyana,2475
368,DE,00104,24,Guyana,2475
368,PA,03114,22,Guyana,2475
368,PA,03230,20,Guyana,2475
368,PA,03313,17,Guyana,2475
368,NJ,02102,16,Guyana,2475
368,NJ,02002,11,Guyana,2475
368,PA,03223,10,Guyana,2475
368,DE,00105,8,Guyana,2475
400,PA,03228,610,Algeria,2286
400,PA,03231,422,Algeria,2286
400,PA,03113,281,Algeria,2286
400,PA,03229,160,Algeria,2286
400,PA,03313,110,Algeria,2286
400,PA,03222,93,Algeria,2286
400,PA,03117,84,Algeria,2286
400,PA,03015,61,Algeria,2286
400,NJ,02501,59,Algeria,2286
400,PA,03227,59,Algeria,2286
400,PA,03221,56,Algeria,2286
400,PA,03311,51,Algeria,2286
400,NJ,02202,39,Algeria,2286
400,NJ,02003,37,Algeria,2286
400,PA,03112,35,Algeria,2286
400,PA,03223,35,Algeria,2286
400,PA,03411,28,Algeria,2286
400,PA,03011,24,Algeria,2286
400,PA,03230,20,Algeria,2286
400,NJ,02002,12,Algeria,2286
400,PA,03114,10,Algeria,2286
370,PA,03222,296,Peru,2264
370,NJ,02201,252,Peru,2264
370,NJ,02002,147,Peru,2264
370,DE,00104,146,Peru,2264
370,PA,03225,146,Peru,2264
370,PA,03229,143,Peru,2264
370,DE,00103,134,Peru,2264
370,PA,03012,106,Peru,2264
370,PA,03015,81,Peru,2264
370,PA,03228,81,Peru,2264
370,NJ,02102,80,Peru,2264
370,NJ,02001,78,Peru,2264
370,NJ,02101,77,Peru,2264
370,NJ,02103,63,Peru,2264
370,PA,03231,63,Peru,2264
370,PA,03116,59,Peru,2264
370,NJ,02202,55,Peru,2264
370,PA,03117,38,Peru,2264
370,PA,03415,36,Peru,2264
370,PA,03014,32,Peru,2264
370,DE,00101,30,Peru,2264
370,PA,03311,30,Peru,2264
370,PA,03221,22,Peru,2264
370,DE,00105,20,Peru,2264
370,NJ,02003,19,Peru,2264
370,PA,03230,11,Peru,2264
370,PA,03411,10,Peru,2264
370,NJ,02501,9,Peru,2264
447,PA,03312,595,Sierra Leone,2198
447,DE,00104,228,Sierra Leone,2198
447,PA,03313,192,Sierra Leone,2198
447,NJ,02001,166,Sierra Leone,2198
447,PA,03229,140,Sierra Leone,2198
447,DE,00105,136,Sierra Leone,2198
447,PA,03222,123,Sierra Leone,2198
447,NJ,02102,109,Sierra Leone,2198
447,DE,00103,88,Sierra Leone,2198
447,NJ,02103,82,Sierra Leone,2198
447,PA,03227,81,Sierra Leone,2198
447,PA,03413,57,Sierra Leone,2198
447,NJ,02201,54,Sierra Leone,2198
447,NJ,02202,35,Sierra Leone,2198
447,PA,03225,31,Sierra Leone,2198
447,NJ,02002,27,Sierra Leone,2198
447,NJ,02003,23,Sierra Leone,2198
447,PA,03223,22,Sierra Leone,2198
447,MD,00700,9,Sierra Leone,2198
327,PA,03015,220,Cuba,2188
327,PA,03227,199,Cuba,2188
327,NJ,02101,184,Cuba,2188
327,PA,03011,179,Cuba,2188
327,NJ,02001,166,Cuba,2188
327,PA,03231,110,Cuba,2188
327,DE,00104,87,Cuba,2188
327,PA,03117,86,Cuba,2188
327,PA,03228,85,Cuba,2188
327,PA,03222,76,Cuba,2188
327,NJ,02102,69,Cuba,2188
327,NJ,02104,66,Cuba,2188
327,NJ,02202,66,Cuba,2188
327,PA,03013,59,Cuba,2188
327,PA,03221,55,Cuba,2188
327,PA,03114,52,Cuba,2188
327,PA,03414,50,Cuba,2188
327,PA,03412,47,Cuba,2188
327,NJ,02002,45,Cuba,2188
327,NJ,02003,39,Cuba,2188
327,PA,03113,37,Cuba,2188
327,DE,00101,36,Cuba,2188
327,PA,03230,29,Cuba,2188
327,NJ,02103,19,Cuba,2188
327,PA,03216,18,Cuba,2188
327,PA,03312,18,Cuba,2188
327,PA,03014,17,Cuba,2188
327,PA,03413,16,Cuba,2188
327,DE,00102,15,Cuba,2188
327,DE,00103,14,Cuba,2188
327,PA,03116,12,Cuba,2188
327,NJ,02501,7,Cuba,2188
327,PA,03012,5,Cuba,2188
327,PA,03112,5,Cuba,2188
315,NJ,02101,635,Nicaragua,2183
315,PA,03223,475,Nicaragua,2183
315,PA,03216,169,Nicaragua,2183
315,PA,03225,115,Nicaragua,2183
315,PA,03415,103,Nicaragua,2183
315,PA,03222,101,Nicaragua,2183
315,PA,03111,79,Nicaragua,2183
315,PA,03231,77,Nicaragua,2183
315,PA,03228,66,Nicaragua,2183
315,NJ,02001,65,Nicaragua,2183
315,NJ,02103,63,Nicaragua,2183
315,PA,03113,35,Nicaragua,2183
315,PA,03116,33,Nicaragua,2183
315,PA,03115,30,Nicaragua,2183
315,PA,03311,22,Nicaragua,2183
315,NJ,02003,21,Nicaragua,2183
315,NJ,02102,18,Nicaragua,2183
315,DE,00104,16,Nicaragua,2183
315,PA,03114,16,Nicaragua,2183
315,NJ,02501,13,Nicaragua,2183
315,PA,03015,13,Nicaragua,2183
315,NJ,02002,9,Nicaragua,2183
315,NJ,02104,9,Nicaragua,2183
119,PA,03311,247,Ireland,2013
119,PA,03114,155,Ireland,2013
119,PA,03012,153,Ireland,2013
119,PA,03312,144,Ireland,2013
119,PA,03221,143,Ireland,2013
119,PA,03117,132,Ireland,2013
119,PA,03314,100,Ireland,2013
119,NJ,02002,93,Ireland,2013
119,NJ,02104,88,Ireland,2013
119,PA,03413,78,Ireland,2013
119,PA,03412,66,Ireland,2013
119,PA,03115,58,Ireland,2013
119,NJ,02102,51,Ireland,2013
119,PA,03014,49,Ireland,2013
119,NJ,02003,48,Ireland,2013
119,PA,03228,45,Ireland,2013
119,NJ,02201,44,Ireland,2013
119,PA,03013,41,Ireland,2013
119,PA,03313,41,Ireland,2013
119,PA,03113,40,Ireland,2013
119,PA,03411,37,Ireland,2013
119,PA,03112,29,Ireland,2013
119,PA,03414,25,Ireland,2013
119,DE,00101,21,Ireland,2013
119,NJ,02202,20,Ireland,2013
119,PA,03222,19,Ireland,2013
119,PA,03116,18,Ireland,2013
119,PA,03415,18,Ireland,2013
119,PA,03216,10,Ireland,2013
209,PA,03115,211,Hong Kong,1978
209,PA,03221,170,Hong Kong,1978
209,PA,03230,138,Hong Kong,1978
209,PA,03013,128,Hong Kong,1978
209,PA,03222,122,Hong Kong,1978
209,NJ,02104,118,Hong Kong,1978
209,PA,03231,97,Hong Kong,1978
209,DE,00103,94,Hong Kong,1978
209,PA,03313,75,Hong Kong,1978
209,PA,03014,71,Hong Kong,1978
209,NJ,02102,67,Hong Kong,1978
209,PA,03311,63,Hong Kong,1978
209,DE,00101,60,Hong Kong,1978
209,PA,03223,57,Hong Kong,1978
209,PA,03229,57,Hong Kong,1978
209,PA,03314,54,Hong Kong,1978
209,PA,03216,52,Hong Kong,1978
209,PA,03012,49,Hong Kong,1978
209,DE,00102,46,Hong Kong,1978
209,PA,03116,32,Hong Kong,1978
209,PA,03413,28,Hong Kong,1978
209,NJ,02101,27,Hong Kong,1978
209,PA,03114,26,Hong Kong,1978
209,PA,03227,23,Hong Kong,1978
209,PA,03113,21,Hong Kong,1978
209,DE,00105,19,Hong Kong,1978
209,NJ,02001,15,Hong Kong,1978
209,NJ,02002,14,Hong Kong,1978
209,MD,00700,13,Hong Kong,1978
209,NJ,02201,12,Hong Kong,1978
209,PA,03411,11,Hong Kong,1978
209,PA,03112,8,Hong Kong,1978
242,PA,03230,291,Thailand,1886
242,PA,03013,235,Thailand,1886
242,PA,03312,147,Thailand,1886
242,PA,03115,124,Thailand,1886
242,PA,03313,109,Thailand,1886
242,DE,00101,100,Thailand,1886
242,PA,03231,96,Thailand,1886
242,PA,03413,93,Thailand,1886
242,PA,03412,76,Thailand,1886
242,PA,03229,70,Thailand,1886
242,PA,03223,58,Thailand,1886
242,PA,03112,57,Thailand,1886
242,NJ,02201,49,Thailand,1886
242,NJ,02003,45,Thailand,1886
242,DE,00103,44,Thailand,1886
242,DE,00105,37,Thailand,1886
242,NJ,02101,37,Thailand,1886
242,PA,03224,34,Thailand,1886
242,PA,03221,29,Thailand,1886
242,PA,03222,27,Thailand,1886
242,NJ,02103,26,Thailand,1886
242,DE,00104,21,Thailand,1886
242,PA,03117,21,Thailand,1886
242,PA,03015,16,Thailand,1886
242,PA,03116,15,Thailand,1886
242,PA,03111,10,Thailand,1886
242,PA,03225,10,Thailand,1886
242,NJ,02104,9,Thailand,1886
215,PA,03116,149,Japan,1832
215,PA,03230,145,Japan,1832
215,PA,03412,135,Japan,1832
215,NJ,02003,131,Japan,1832
215,NJ,02002,115,Japan,1832
215,NJ,02101,103,Japan,1832
215,PA,03231,98,Japan,1832
215,PA,03227,89,Japan,1832
215,PA,03314,70,Japan,1832
215,PA,03311,63,Japan,1832
215,PA,03011,62,Japan,1832
215,DE,00103,59,Japan,1832
215,DE,00101,56,Japan,1832
215,PA,03114,54,Japan,1832
215,PA,03221,53,Japan,1832
215,PA,03014,52,Japan,1832
215,PA,03115,52,Japan,1832
215,NJ,02104,49,Japan,1832
215,PA,03112,45,Japan,1832
215,NJ,02001,38,Japan,1832
215,PA,03012,30,Japan,1832
215,NJ,02202,26,Japan,1832
215,PA,03413,26,Japan,1832
215,PA,03216,23,Japan,1832
215,PA,03113,20,Japan,1832
215,PA,03228,19,Japan,1832
215,PA,03117,18,Japan,1832
215,PA,03224,18,Japan,1832
215,PA,03411,17,Japan,1832
215,PA,03312,11,Japan,1832
215,MD,00700,6,Japan,1832
416,PA,03229,565,Ethiopia,1801
416,PA,03227,183,Ethiopia,1801
416,PA,03312,181,Ethiopia,1801
416,PA,03413,120,Ethiopia,1801
416,PA,03225,115,Ethiopia,1801
416,PA,03216,100,Ethiopia,1801
416,DE,00103,74,Ethiopia,1801
416,PA,03228,67,Ethiopia,1801
416,DE,00102,63,Ethiopia,1801
416,NJ,02103,51,Ethiopia,1801
416,NJ,02201,46,Ethiopia,1801
416,PA,03115,41,Ethiopia,1801
416,NJ,02101,29,Ethiopia,1801
416,DE,00104,27,Ethiopia,1801
416,NJ,02104,24,Ethiopia,1801
416,PA,03013,24,Ethiopia,1801
416,DE,00101,22,Ethiopia,1801
416,DE,00105,22,Ethiopia,1801
416,NJ,02002,17,Ethiopia,1801
416,PA,03415,14,Ethiopia,1801
416,PA,03117,11,Ethiopia,1801
416,PA,03116,5,Ethiopia,1801
109,PA,03230,348,France,1713
109,DE,00101,141,France,1713
109,PA,03116,112,France,1713
109,PA,03114,86,France,1713
109,PA,03012,81,France,1713
109,PA,03228,81,France,1713
109,PA,03117,76,France,1713
109,PA,03216,65,France,1713
109,PA,03412,65,France,1713
109,PA,03013,63,France,1713
109,PA,03231,61,France,1713
109,PA,03227,56,France,1713
109,PA,03415,54,France,1713
109,NJ,02001,51,France,1713
109,PA,03115,49,France,1713
109,NJ,02202,48,France,1713
109,PA,03113,44,France,1713
109,PA,03014,43,France,1713
109,DE,00105,28,France,1713
109,NJ,02003,25,France,1713
109,PA,03221,22,France,1713
109,PA,03311,22,France,1713
109,NJ,02102,21,France,1713
109,DE,00103,14,France,1713
109,NJ,02104,14,France,1713
109,NJ,02501,12,France,1713
109,PA,03413,11,France,1713
109,DE,00104,10,France,1713
109,NJ,02002,6,France,1713
109,PA,03011,4,France,1713
360,PA,03230,167,Argentina,1609
360,DE,00105,113,Argentina,1609
360,PA,03116,106,Argentina,1609
360,PA,03222,102,Argentina,1609
360,PA,03223,100,Argentina,1609
360,NJ,02104,80,Argentina,1609
360,DE,00101,74,Argentina,1609
360,PA,03012,67,Argentina,1609
360,PA,03231,60,Argentina,1609
360,PA,03113,58,Argentina,1609
360,PA,03311,57,Argentina,1609
360,DE,00104,56,Argentina,1609
360,PA,03112,52,Argentina,1609
360,PA,03413,46,Argentina,1609
360,NJ,02003,45,Argentina,1609
360,PA,03414,45,Argentina,1609
360,PA,03114,41,Argentina,1609
360,NJ,02101,38,Argentina,1609
360,NJ,02202,38,Argentina,1609
360,PA,03117,38,Argentina,1609
360,PA,03115,33,Argentina,1609
360,DE,00103,25,Argentina,1609
360,NJ,02103,25,Argentina,1609
360,PA,03228,24,Argentina,1609
360,PA,03229,21,Argentina,1609
360,NJ,02201,20,Argentina,1609
360,PA,03314,18,Argentina,1609
360,PA,03227,17,Argentina,1609
360,PA,03412,13,Argentina,1609
360,NJ,02102,12,Argentina,1609
360,NJ,02001,9,Argentina,1609
360,PA,03415,9,Argentina,1609
211,PA,03231,798,Indonesia,1563
211,PA,03229,113,Indonesia,1563
211,NJ,02103,103,Indonesia,1563
211,PA,03114,68,Indonesia,1563
211,PA,03312,66,Indonesia,1563
211,PA,03230,59,Indonesia,1563
211,PA,03216,56,Indonesia,1563
211,PA,03223,48,Indonesia,1563
211,PA,03313,42,Indonesia,1563
211,DE,00101,40,Indonesia,1563
211,NJ,02002,36,Indonesia,1563
211,PA,03412,36,Indonesia,1563
211,PA,03115,20,Indonesia,1563
211,PA,03222,19,Indonesia,1563
211,PA,03117,16,Indonesia,1563
211,PA,03228,15,Indonesia,1563
211,PA,03013,11,Indonesia,1563
211,NJ,02102,9,Indonesia,1563
211,PA,03116,4,Indonesia,1563
211,PA,03311,4,Indonesia,1563
129,PA,03117,208,Portugal,1559
129,NJ,02001,189,Portugal,1559
129,PA,03222,184,Portugal,1559
129,PA,03115,168,Portugal,1559
129,NJ,02103,135,Portugal,1559
129,NJ,02201,101,Portugal,1559
129,PA,03113,92,Portugal,1559
129,PA,03015,91,Portugal,1559
129,NJ,02202,36,Portugal,1559
129,PA,03012,34,Portugal,1559
129,PA,03312,33,Portugal,1559
129,PA,03013,32,Portugal,1559
129,PA,03112,32,Portugal,1559
129,PA,03011,29,Portugal,1559
129,NJ,02104,25,Portugal,1559
129,PA,03014,25,Portugal,1559
129,PA,03230,24,Portugal,1559
129,PA,03221,20,Portugal,1559
129,NJ,02501,19,Portugal,1559
129,NJ,02003,18,Portugal,1559
129,NJ,02002,17,Portugal,1559
129,PA,03311,17,Portugal,1559
129,DE,00103,15,Portugal,1559
129,PA,03116,15,Portugal,1559
407,PA,03223,447,Cameroon,1540
407,PA,03225,371,Cameroon,1540
407,DE,00103,322,Cameroon,1540
407,PA,03228,149,Cameroon,1540
407,PA,03115,69,Cameroon,1540
407,DE,00104,63,Cameroon,1540
407,PA,03116,54,Cameroon,1540
407,PA,03414,31,Cameroon,1540
407,DE,00101,25,Cameroon,1540
407,NJ,02003,9,Cameroon,1540
212,PA,03412,225,Iran,1432
212,PA,03311,149,Iran,1432
212,PA,03411,132,Iran,1432
212,PA,03015,118,Iran,1432
212,PA,03230,100,Iran,1432
212,PA,03216,84,Iran,1432
212,PA,03112,81,Iran,1432
212,PA,03113,81,Iran,1432
212,DE,00104,78,Iran,1432
212,PA,03116,68,Iran,1432
212,PA,03228,49,Iran,1432
212,PA,03413,43,Iran,1432
212,NJ,02202,37,Iran,1432
212,PA,03312,32,Iran,1432
212,PA,03229,31,Iran,1432
212,PA,03227,23,Iran,1432
212,DE,00102,20,Iran,1432
212,PA,03224,20,Iran,1432
212,DE,00101,17,Iran,1432
212,DE,00103,13,Iran,1432
212,NJ,02001,13,Iran,1432
212,NJ,02103,10,Iran,1432
212,NJ,02104,8,Iran,1432
449,PA,03012,345,South Africa,1384
449,DE,00101,148,South Africa,1384
449,PA,03230,75,South Africa,1384
449,PA,03116,72,South Africa,1384
449,NJ,02002,71,South Africa,1384
449,DE,00104,63,South Africa,1384
449,NJ,02003,60,South Africa,1384
449,PA,03115,56,South Africa,1384
449,PA,03412,46,South Africa,1384
449,PA,03411,45,South Africa,1384
449,PA,03011,44,South Africa,1384
449,DE,00102,36,South Africa,1384
449,NJ,02104,36,South Africa,1384
449,PA,03227,35,South Africa,1384
449,PA,03231,33,South Africa,1384
449,PA,03314,31,South Africa,1384
449,PA,03015,24,South Africa,1384
449,PA,03313,24,South Africa,1384
449,PA,03311,23,South Africa,1384
449,PA,03229,21,South Africa,1384
449,PA,03415,21,South Africa,1384
449,NJ,02202,20,South Africa,1384
449,NJ,02103,16,South Africa,1384
449,NJ,02102,15,South Africa,1384
449,NJ,02201,10,South Africa,1384
449,PA,03216,8,South Africa,1384
449,PA,03014,6,South Africa,1384
214,PA,03230,196,Israel,1265
214,PA,03116,183,Israel,1265
214,PA,03231,148,Israel,1265
214,NJ,02104,111,Israel,1265
214,PA,03224,106,Israel,1265
214,PA,03223,88,Israel,1265
214,PA,03115,62,Israel,1265
214,PA,03216,59,Israel,1265
214,DE,00102,41,Israel,1265
214,PA,03412,37,Israel,1265
214,PA,03117,35,Israel,1265
214,DE,00101,26,Israel,1265
214,PA,03012,26,Israel,1265
214,PA,03221,20,Israel,1265
214,PA,03227,20,Israel,1265
214,PA,03414,17,Israel,1265
214,NJ,02001,16,Israel,1265
214,PA,03114,15,Israel,1265
214,PA,03411,15,Israel,1265
214,NJ,02102,12,Israel,1265
214,PA,03311,11,Israel,1265
214,NJ,02002,8,Israel,1265
214,NJ,02003,8,Israel,1265
214,NJ,02501,5,Israel,1265
224,PA,03111,412,Lebanon,1152
224,PA,03231,137,Lebanon,1152
224,NJ,02104,134,Lebanon,1152
224,PA,03412,60,Lebanon,1152
224,PA,03116,59,Lebanon,1152
224,PA,03113,45,Lebanon,1152
224,PA,03230,41,Lebanon,1152
224,PA,03221,36,Lebanon,1152
224,DE,00102,34,Lebanon,1152
224,DE,00101,29,Lebanon,1152
224,PA,03216,28,Lebanon,1152
224,NJ,02103,25,Lebanon,1152
224,NJ,02002,24,Lebanon,1152
224,NJ,02003,21,Lebanon,1152
224,PA,03014,19,Lebanon,1152
224,PA,03311,18,Lebanon,1152
224,NJ,02202,17,Lebanon,1152
224,PA,03413,13,Lebanon,1152
134,PA,03223,161,Spain,1151
134,PA,03314,134,Spain,1151
134,PA,03312,111,Spain,1151
134,NJ,02202,88,Spain,1151
134,PA,03311,65,Spain,1151
134,PA,03116,58,Spain,1151
134,NJ,02001,55,Spain,1151
134,NJ,02101,52,Spain,1151
134,PA,03111,47,Spain,1151
134,DE,00102,44,Spain,1151
134,PA,03411,44,Spain,1151
134,MD,00700,37,Spain,1151
134,PA,03012,37,Spain,1151
134,NJ,02104,36,Spain,1151
134,PA,03230,31,Spain,1151
134,DE,00101,30,Spain,1151
134,PA,03117,27,Spain,1151
134,PA,03113,20,Spain,1151
134,PA,03013,17,Spain,1151
134,NJ,02002,15,Spain,1151
134,NJ,02003,14,Spain,1151
134,NJ,02201,10,Spain,1151
134,PA,03112,10,Spain,1151
134,NJ,02102,8,Spain,1151
226,PA,03113,200,Malaysia,1149
226,PA,03231,196,Malaysia,1149
226,PA,03312,163,Malaysia,1149
226,PA,03015,91,Malaysia,1149
226,PA,03222,90,Malaysia,1149
226,PA,03229,72,Malaysia,1149
226,PA,03014,57,Malaysia,1149
226,PA,03223,43,Malaysia,1149
226,NJ,02103,41,Malaysia,1149
226,PA,03311,38,Malaysia,1149
226,NJ,02104,36,Malaysia,1149
226,NJ,02003,24,Malaysia,1149
226,PA,03313,19,Malaysia,1149
226,PA,03013,17,Malaysia,1149
226,PA,03114,17,Malaysia,1149
226,PA,03230,15,Malaysia,1149
226,PA,03216,14,Malaysia,1149
226,PA,03412,11,Malaysia,1149
226,PA,03011,5,Malaysia,1149
467,PA,03225,334,"Western Africa, Not Specified",1112
467,PA,03313,201,"Western Africa, Not Specified",1112
467,NJ,02001,140,"Western Africa, Not Specified",1112
467,PA,03224,124,"Western Africa, Not Specified",1112
467,PA,03229,82,"Western Africa, Not Specified",1112
467,PA,03116,52,"Western Africa, Not Specified",1112
467,DE,00103,34,"Western Africa, Not Specified",1112
467,DE,00105,30,"Western Africa, Not Specified",1112
467,NJ,02104,27,"Western Africa, Not Specified",1112
467,PA,03115,26,"Western Africa, Not Specified",1112
467,PA,03228,20,"Western Africa, Not Specified",1112
467,NJ,02101,18,"Western Africa, Not Specified",1112
467,PA,03311,16,"Western Africa, Not Specified",1112
467,NJ,02201,7,"Western Africa, Not Specified",1112
467,NJ,02202,1,"Western Africa, Not Specified",1112
311,DE,00104,154,Costa Rica,1084
311,PA,03114,130,Costa Rica,1084
311,NJ,02001,126,Costa Rica,1084
311,NJ,02003,101,Costa Rica,1084
311,PA,03015,90,Costa Rica,1084
311,DE,00105,78,Costa Rica,1084
311,PA,03223,66,Costa Rica,1084
311,PA,03413,54,Costa Rica,1084
311,PA,03113,51,Costa Rica,1084
311,PA,03014,47,Costa Rica,1084
311,PA,03312,42,Costa Rica,1084
311,PA,03011,36,Costa Rica,1084
311,PA,03221,20,Costa Rica,1084
311,NJ,02002,16,Costa Rica,1084
311,PA,03013,15,Costa Rica,1084
311,PA,03117,14,Costa Rica,1084
311,NJ,02101,13,Costa Rica,1084
311,PA,03012,13,Costa Rica,1084
311,PA,03115,11,Costa Rica,1084
311,DE,00102,7,Costa Rica,1084
132,NJ,02001,93,Romania,1032
132,PA,03114,92,Romania,1032
132,PA,03111,83,Romania,1032
132,NJ,02103,64,Romania,1032
132,PA,03117,64,Romania,1032
132,PA,03011,57,Romania,1032
132,PA,03013,49,Romania,1032
132,PA,03112,43,Romania,1032
132,PA,03115,43,Romania,1032
132,PA,03221,42,Romania,1032
132,PA,03014,41,Romania,1032
132,PA,03012,39,Romania,1032
132,PA,03415,37,Romania,1032
132,PA,03229,35,Romania,1032
132,PA,03412,32,Romania,1032
132,DE,00101,29,Romania,1032
132,DE,00103,27,Romania,1032
132,PA,03311,25,Romania,1032
132,NJ,02002,21,Romania,1032
132,DE,00102,20,Romania,1032
132,NJ,02201,20,Romania,1032
132,NJ,02102,18,Romania,1032
132,NJ,02104,13,Romania,1032
132,PA,03312,13,Romania,1032
132,NJ,02202,11,Romania,1032
132,DE,00104,10,Romania,1032
132,NJ,02101,8,Romania,1032
132,PA,03413,3,Romania,1032
363,PA,03014,169,Chile,1024
363,PA,03230,150,Chile,1024
363,DE,00102,110,Chile,1024
363,NJ,02101,98,Chile,1024
363,PA,03116,76,Chile,1024
363,NJ,02104,74,Chile,1024
363,DE,00104,59,Chile,1024
363,PA,03313,51,Chile,1024
363,PA,03229,46,Chile,1024
363,PA,03113,36,Chile,1024
363,PA,03228,31,Chile,1024
363,NJ,02201,27,Chile,1024
363,NJ,02202,23,Chile,1024
363,PA,03413,19,Chile,1024
363,DE,00101,18,Chile,1024
363,NJ,02002,17,Chile,1024
363,NJ,02102,17,Chile,1024
363,NJ,02003,3,Chile,1024
229,DE,00105,189,Nepal,972
229,PA,03222,161,Nepal,972
229,DE,00104,119,Nepal,972
229,PA,03221,91,Nepal,972
229,PA,03116,67,Nepal,972
229,PA,03230,56,Nepal,972
229,PA,03012,51,Nepal,972
229,PA,03113,45,Nepal,972
229,PA,03014,42,Nepal,972
229,PA,03015,32,Nepal,972
229,DE,00101,25,Nepal,972
229,PA,03112,23,Nepal,972
229,PA,03413,23,Nepal,972
229,NJ,02104,20,Nepal,972
229,PA,03115,20,Nepal,972
229,PA,03216,8,Nepal,972
162,PA,03221,185,Moldova,953
162,PA,03013,167,Moldova,953
162,PA,03014,154,Moldova,953
162,NJ,02104,85,Moldova,953
162,PA,03412,63,Moldova,953
162,PA,03117,57,Moldova,953
162,NJ,02103,50,Moldova,953
162,NJ,02202,43,Moldova,953
162,PA,03411,34,Moldova,953
162,PA,03314,27,Moldova,953
162,PA,03115,20,Moldova,953
162,PA,03112,18,Moldova,953
162,PA,03230,18,Moldova,953
162,PA,03011,17,Moldova,953
162,DE,00104,15,Moldova,953
239,PA,03415,163,Syria,933
239,PA,03116,142,Syria,933
239,DE,00105,105,Syria,933
239,PA,03311,94,Syria,933
239,PA,03314,80,Syria,933
239,PA,03313,63,Syria,933
239,PA,03312,59,Syria,933
239,PA,03228,50,Syria,933
239,DE,00104,44,Syria,933
239,PA,03012,44,Syria,933
239,NJ,02102,34,Syria,933
239,PA,03412,25,Syria,933
239,PA,03413,19,Syria,933
239,PA,03231,11,Syria,933
423,NJ,02103,308,Guinea,888
423,PA,03229,222,Guinea,888
423,PA,03312,162,Guinea,888
423,DE,00102,67,Guinea,888
423,PA,03223,53,Guinea,888
423,DE,00104,23,Guinea,888
423,PA,03313,22,Guinea,888
423,PA,03228,17,Guinea,888
423,PA,03222,14,Guinea,888
316,DE,00104,142,Panama,881
316,NJ,02001,123,Panama,881
316,PA,03115,118,Panama,881
316,NJ,02104,117,Panama,881
316,PA,03311,95,Panama,881
316,PA,03117,57,Panama,881
316,NJ,02003,50,Panama,881
316,DE,00101,30,Panama,881
316,DE,00105,27,Panama,881
316,DE,00103,21,Panama,881
316,DE,00102,19,Panama,881
316,NJ,02202,17,Panama,881
316,PA,03216,13,Panama,881
316,NJ,02101,12,Panama,881
316,NJ,02102,12,Panama,881
316,PA,03221,11,Panama,881
316,NJ,02002,10,Panama,881
316,PA,03013,7,Panama,881
451,PA,03227,184,Sudan,816
451,PA,03011,135,Sudan,816
451,PA,03313,134,Sudan,816
451,PA,03221,82,Sudan,816
451,DE,00103,71,Sudan,816
451,PA,03229,65,Sudan,816
451,PA,03312,50,Sudan,816
451,MD,00700,47,Sudan,816
451,PA,03113,26,Sudan,816
451,DE,00102,22,Sudan,816
205,PA,03231,616,Myanmar,788
205,NJ,02102,65,Myanmar,788
205,PA,03230,34,Myanmar,788
205,PA,03116,32,Myanmar,788
205,PA,03014,31,Myanmar,788
205,NJ,02104,10,Myanmar,788
213,PA,03221,297,Iraq,772
213,NJ,02104,74,Iraq,772
213,PA,03312,70,Iraq,772
213,NJ,02002,52,Iraq,772
213,PA,03230,46,Iraq,772
213,PA,03311,44,Iraq,772
213,NJ,02201,38,Iraq,772
213,PA,03413,37,Iraq,772
213,PA,03223,29,Iraq,772
213,PA,03231,27,Iraq,772
213,PA,03115,24,Iraq,772
213,PA,03014,18,Iraq,772
213,PA,03116,13,Iraq,772
213,PA,03114,3,Iraq,772
324,NJ,02001,207,Barbados,765
324,PA,03222,126,Barbados,765
324,PA,03314,89,Barbados,765
324,PA,03312,57,Barbados,765
324,DE,00104,53,Barbados,765
324,PA,03227,50,Barbados,765
324,NJ,02201,36,Barbados,765
324,PA,03224,33,Barbados,765
324,PA,03014,28,Barbados,765
324,PA,03229,23,Barbados,765
324,NJ,02101,20,Barbados,765
324,NJ,02104,17,Barbados,765
324,DE,00101,11,Barbados,765
324,NJ,02501,11,Barbados,765
324,NJ,02202,4,Barbados,765
223,PA,03231,219,Laos,722
223,PA,03111,190,Laos,722
223,NJ,02104,41,Laos,722
223,PA,03114,36,Laos,722
223,PA,03224,34,Laos,722
223,PA,03015,32,Laos,722
223,DE,00104,30,Laos,722
223,NJ,02202,27,Laos,722
223,PA,03014,22,Laos,722
223,DE,00101,19,Laos,722
223,PA,03115,17,Laos,722
223,PA,03313,17,Laos,722
223,NJ,02002,16,Laos,722
223,DE,00105,15,Laos,722
223,PA,03225,7,Laos,722
218,PA,03221,225,Kazakhstan,696
218,PA,03013,108,Kazakhstan,696
218,PA,03411,91,Kazakhstan,696
218,PA,03116,90,Kazakhstan,696
218,NJ,02201,42,Kazakhstan,696
218,PA,03311,31,Kazakhstan,696
218,PA,03111,29,Kazakhstan,696
218,PA,03014,20,Kazakhstan,696
218,PA,03115,18,Kazakhstan,696
218,PA,03230,16,Kazakhstan,696
218,PA,03412,14,Kazakhstan,696
218,NJ,02002,12,Kazakhstan,696
501,PA,03012,97,Australia,680
501,PA,03231,74,Australia,680
501,PA,03311,70,Australia,680
501,PA,03230,61,Australia,680
501,NJ,02501,53,Australia,680
501,DE,00101,51,Australia,680
501,NJ,02104,47,Australia,680
501,PA,03216,32,Australia,680
501,PA,03117,29,Australia,680
501,PA,03011,28,Australia,680
501,PA,03111,26,Australia,680
501,PA,03414,22,Australia,680
501,PA,03112,20,Australia,680
501,DE,00104,16,Australia,680
501,PA,03115,16,Australia,680
501,PA,03412,13,Australia,680
501,NJ,02201,11,Australia,680
501,NJ,02002,7,Australia,680
501,PA,03415,7,Australia,680
140,PA,03015,135,Scotland,664
140,PA,03314,66,Scotland,664
140,PA,03412,62,Scotland,664
140,NJ,02003,58,Scotland,664
140,DE,00101,38,Scotland,664
140,NJ,02104,33,Scotland,664
140,PA,03311,32,Scotland,664
140,PA,03011,27,Scotland,664
140,PA,03230,25,Scotland,664
140,PA,03111,24,Scotland,664
140,PA,03112,18,Scotland,664
140,MD,00700,15,Scotland,664
140,NJ,02001,15,Scotland,664
140,PA,03116,15,Scotland,664
140,DE,00104,14,Scotland,664
140,PA,03013,14,Scotland,664
140,PA,03114,14,Scotland,664
140,PA,03413,14,Scotland,664
140,NJ,02201,12,Scotland,664
140,PA,03414,12,Scotland,664
140,NJ,02202,11,Scotland,664
140,PA,03115,6,Scotland,664
140,NJ,02501,4,Scotland,664
158,PA,03221,416,Armenia,657
158,PA,03013,112,Armenia,657
158,PA,03312,60,Armenia,657
158,PA,03113,47,Armenia,657
158,PA,03311,14,Armenia,657
158,PA,03116,8,Armenia,657
161,PA,03014,297,Georgia,617
161,PA,03221,203,Georgia,617
126,PA,03411,90,Netherlands,617
126,NJ,02001,57,Netherlands,617
126,PA,03311,51,Netherlands,617
126,PA,03415,44,Netherlands,617
126,PA,03222,40,Netherlands,617
126,DE,00101,38,Netherlands,617
126,PA,03413,38,Netherlands,617
161,PA,03223,36,Georgia,617
126,DE,00104,35,Netherlands,617
126,PA,03116,32,Netherlands,617
161,PA,03222,29,Georgia,617
126,NJ,02103,26,Netherlands,617
126,DE,00105,24,Netherlands,617
126,DE,00102,23,Netherlands,617
126,NJ,02202,22,Netherlands,617
126,MD,00700,21,Netherlands,617
161,PA,03115,21,Georgia,617
161,PA,03228,19,Georgia,617
126,NJ,02104,18,Netherlands,617
126,PA,03115,15,Netherlands,617
126,PA,03216,14,Netherlands,617
126,NJ,02002,12,Netherlands,617
126,PA,03011,9,Netherlands,617
126,PA,03225,8,Netherlands,617
161,NJ,02104,7,Georgia,617
161,PA,03011,5,Georgia,617
235,PA,03412,86,Saudi Arabia,603
235,PA,03228,80,Saudi Arabia,603
235,PA,03115,73,Saudi Arabia,603
235,PA,03229,73,Saudi Arabia,603
235,NJ,02201,61,Saudi Arabia,603
235,MD,00700,37,Saudi Arabia,603
235,PA,03013,33,Saudi Arabia,603
235,PA,03227,30,Saudi Arabia,603
235,PA,03015,29,Saudi Arabia,603
235,PA,03230,29,Saudi Arabia,603
235,PA,03113,28,Saudi Arabia,603
235,PA,03311,24,Saudi Arabia,603
235,NJ,02202,20,Saudi Arabia,603
468,PA,03117,250,"Other Africa, Not Specified",561
468,PA,03015,150,"Other Africa, Not Specified",561
468,PA,03014,69,"Other Africa, Not Specified",561
468,PA,03414,27,"Other Africa, Not Specified",561
468,PA,03230,22,"Other Africa, Not Specified",561
468,PA,03224,20,"Other Africa, Not Specified",561
468,MD,00700,13,"Other Africa, Not Specified",561
468,PA,03228,10,"Other Africa, Not Specified",561
117,PA,03011,114,Hungary,556
117,PA,03012,78,Hungary,556
117,PA,03221,65,Hungary,556
117,DE,00105,46,Hungary,556
117,PA,03117,43,Hungary,556
117,PA,03414,39,Hungary,556
117,PA,03113,27,Hungary,556
117,NJ,02001,26,Hungary,556
117,PA,03112,23,Hungary,556
117,DE,00101,22,Hungary,556
117,NJ,02003,19,Hungary,556
117,PA,03014,14,Hungary,556
117,PA,03115,14,Hungary,556
117,MD,00700,13,Hungary,556
117,PA,03111,11,Hungary,556
117,PA,03415,2,Hungary,556
167,PA,03412,391,Kosovo,535
167,PA,03413,75,Kosovo,535
167,PA,03013,23,Kosovo,535
167,NJ,02104,19,Kosovo,535
167,PA,03114,17,Kosovo,535
167,NJ,02002,10,Kosovo,535
361,NJ,02201,240,Bolivia,525
361,PA,03015,89,Bolivia,525
361,PA,03412,82,Bolivia,525
361,PA,03221,35,Bolivia,525
361,PA,03116,20,Bolivia,525
361,NJ,02002,17,Bolivia,525
361,NJ,02003,16,Bolivia,525
361,PA,03224,14,Bolivia,525
361,PA,03414,9,Bolivia,525
361,NJ,02202,3,Bolivia,525
248,PA,03227,241,Yemen,500
248,PA,03228,150,Yemen,500
248,PA,03117,60,Yemen,500
248,DE,00102,22,Yemen,500
248,PA,03221,17,Yemen,500
248,DE,00104,10,Yemen,500
104,PA,03231,164,Bulgaria,498
104,PA,03116,71,Bulgaria,498
104,PA,03230,67,Bulgaria,498
104,NJ,02002,59,Bulgaria,498
104,PA,03012,46,Bulgaria,498
104,PA,03312,44,Bulgaria,498
104,DE,00101,22,Bulgaria,498
104,DE,00104,17,Bulgaria,498
104,NJ,02003,8,Bulgaria,498
236,PA,03014,81,Singapore,491
236,PA,03013,78,Singapore,491
236,PA,03117,65,Singapore,491
236,NJ,02102,64,Singapore,491
236,PA,03412,50,Singapore,491
236,PA,03312,38,Singapore,491
236,PA,03114,33,Singapore,491
236,PA,03012,28,Singapore,491
236,PA,03112,20,Singapore,491
236,NJ,02501,17,Singapore,491
236,DE,00104,13,Singapore,491
236,PA,03116,4,Singapore,491
154,PA,03228,92,Serbia,485
154,PA,03013,68,Serbia,485
154,PA,03313,66,Serbia,485
154,PA,03112,38,Serbia,485
154,PA,03113,37,Serbia,485
154,DE,00103,34,Serbia,485
154,PA,03116,34,Serbia,485
154,PA,03229,30,Serbia,485
154,PA,03216,22,Serbia,485
154,DE,00101,18,Serbia,485
154,NJ,02002,17,Serbia,485
154,DE,00104,16,Serbia,485
154,PA,03114,13,Serbia,485
420,PA,03229,297,Gambia,484
420,PA,03312,141,Gambia,484
420,NJ,02202,29,Gambia,484
420,DE,00103,17,Gambia,484
148,PA,03229,177,Czech Republic,473
148,PA,03015,110,Czech Republic,473
148,PA,03414,42,Czech Republic,473
148,PA,03314,27,Czech Republic,473
148,PA,03412,24,Czech Republic,473
148,PA,03216,21,Czech Republic,473
148,PA,03227,20,Czech Republic,473
148,PA,03313,16,Czech Republic,473
148,NJ,02202,11,Czech Republic,473
148,PA,03116,11,Czech Republic,473
148,NJ,02201,7,Czech Republic,473
148,PA,03230,7,Czech Republic,473
238,PA,03015,84,Sri Lanka,470
238,NJ,02003,63,Sri Lanka,470
238,PA,03412,62,Sri Lanka,470
238,PA,03012,59,Sri Lanka,470
238,NJ,02002,47,Sri Lanka,470
238,PA,03230,44,Sri Lanka,470
238,PA,03117,26,Sri Lanka,470
238,PA,03312,21,Sri Lanka,470
238,PA,03115,18,Sri Lanka,470
238,PA,03114,17,Sri Lanka,470
238,NJ,02001,14,Sri Lanka,470
238,PA,03411,9,Sri Lanka,470
238,PA,03413,6,Sri Lanka,470
330,PA,03222,107,Grenada,462
330,NJ,02101,73,Grenada,462
330,PA,03414,63,Grenada,462
330,PA,03230,58,Grenada,462
330,NJ,02102,56,Grenada,462
330,PA,03227,51,Grenada,462
330,DE,00104,47,Grenada,462
330,NJ,02001,7,Grenada,462
159,PA,03229,104,Azerbaijan,453
159,PA,03311,64,Azerbaijan,453
159,PA,03115,60,Azerbaijan,453
159,PA,03221,50,Azerbaijan,453
159,PA,03012,46,Azerbaijan,453
159,NJ,02103,26,Azerbaijan,453
159,PA,03114,25,Azerbaijan,453
159,PA,03014,19,Azerbaijan,453
159,PA,03013,18,Azerbaijan,453
159,NJ,02003,17,Azerbaijan,453
159,PA,03230,14,Azerbaijan,453
159,PA,03413,10,Azerbaijan,453
136,PA,03111,127,Sweden,450
136,NJ,02102,61,Sweden,450
136,PA,03311,55,Sweden,450
136,PA,03230,49,Sweden,450
136,PA,03221,47,Sweden,450
136,PA,03012,25,Sweden,450
136,PA,03011,23,Sweden,450
136,DE,00104,18,Sweden,450
136,PA,03415,16,Sweden,450
136,PA,03413,15,Sweden,450
136,PA,03115,9,Sweden,450
136,NJ,02003,5,Sweden,450
102,PA,03314,72,Austria,449
102,NJ,02002,56,Austria,449
102,PA,03015,48,Austria,449
102,DE,00103,42,Austria,449
102,PA,03116,35,Austria,449
102,PA,03013,33,Austria,449
102,MD,00700,25,Austria,449
102,PA,03413,25,Austria,449
102,PA,03223,22,Austria,449
102,PA,03221,21,Austria,449
102,PA,03228,20,Austria,449
102,NJ,02501,15,Austria,449
102,NJ,02201,13,Austria,449
102,PA,03114,12,Austria,449
102,PA,03011,5,Austria,449
102,PA,03411,5,Austria,449
454,PA,03230,178,Togo,447
454,PA,03312,134,Togo,447
454,PA,03227,96,Togo,447
454,DE,00103,19,Togo,447
454,PA,03311,11,Togo,447
454,PA,03313,9,Togo,447
157,PA,03230,134,Lithuania,446
157,PA,03013,98,Lithuania,446
157,PA,03228,50,Lithuania,446
157,NJ,02202,45,Lithuania,446
157,PA,03014,30,Lithuania,446
157,PA,03113,19,Lithuania,446
157,PA,03413,18,Lithuania,446
157,PA,03117,16,Lithuania,446
157,PA,03223,14,Lithuania,446
157,PA,03116,13,Lithuania,446
157,PA,03227,9,Lithuania,446
425,DE,00102,150,Ivory Coast,436
425,PA,03229,74,Ivory Coast,436
425,PA,03117,62,Ivory Coast,436
425,PA,03224,41,Ivory Coast,436
425,PA,03223,39,Ivory Coast,436
425,NJ,02002,29,Ivory Coast,436
425,DE,00104,23,Ivory Coast,436
425,NJ,02104,18,Ivory Coast,436
219,PA,03013,175,Kyrgyzstan,428
219,PA,03014,159,Kyrgyzstan,428
344,PA,03229,88,"Caribbean, Not Specified",428
344,PA,03224,79,"Caribbean, Not Specified",428
219,PA,03221,66,Kyrgyzstan,428
344,PA,03311,66,"Caribbean, Not Specified",428
344,PA,03413,59,"Caribbean, Not Specified",428
344,NJ,02101,31,"Caribbean, Not Specified",428
219,PA,03113,28,Kyrgyzstan,428
344,PA,03230,25,"Caribbean, Not Specified",428
344,PA,03313,20,"Caribbean, Not Specified",428
344,DE,00101,19,"Caribbean, Not Specified",428
344,PA,03117,16,"Caribbean, Not Specified",428
344,DE,00104,14,"Caribbean, Not Specified",428
344,DE,00103,11,"Caribbean, Not Specified",428
372,DE,00103,160,Uruguay,411
372,PA,03231,54,Uruguay,411
372,NJ,02103,52,Uruguay,411
372,PA,03228,34,Uruguay,411
372,PA,03116,28,Uruguay,411
372,NJ,02101,25,Uruguay,411
372,PA,03117,12,Uruguay,411
372,NJ,02003,11,Uruguay,411
372,DE,00104,9,Uruguay,411
372,MD,00700,9,Uruguay,411
372,PA,03111,9,Uruguay,411
372,NJ,02001,8,Uruguay,411
249,PA,03225,81,Asia,410
249,DE,00105,56,Asia,410
249,NJ,02101,50,Asia,410
249,NJ,02002,47,Asia,410
249,NJ,02501,44,Asia,410
249,PA,03227,32,Asia,410
249,PA,03222,30,Asia,410
249,PA,03115,22,Asia,410
249,PA,03116,15,Asia,410
249,NJ,02103,14,Asia,410
249,NJ,02201,10,Asia,410
249,PA,03216,7,Asia,410
249,NJ,02102,2,Asia,410
464,PA,03313,185,"Northern Africa, Not Specified",392
464,PA,03227,100,"Northern Africa, Not Specified",392
464,PA,03228,36,"Northern Africa, Not Specified",392
464,PA,03411,29,"Northern Africa, Not Specified",392
464,PA,03230,28,"Northern Africa, Not Specified",392
464,NJ,02003,14,"Northern Africa, Not Specified",392
105,PA,03015,176,Czechoslovakia,386
105,DE,00104,50,Czechoslovakia,386
105,NJ,02202,47,Czechoslovakia,386
105,PA,03228,44,Czechoslovakia,386
105,PA,03414,32,Czechoslovakia,386
105,PA,03111,16,Czechoslovakia,386
105,PA,03412,12,Czechoslovakia,386
105,PA,03314,9,Czechoslovakia,386
142,PA,03312,119,Northern Ireland,378
142,PA,03311,47,Northern Ireland,378
142,PA,03011,45,Northern Ireland,378
142,PA,03413,44,Northern Ireland,378
142,NJ,02101,40,Northern Ireland,378
142,PA,03223,29,Northern Ireland,378
142,DE,00101,14,Northern Ireland,378
142,PA,03013,14,Northern Ireland,378
142,PA,03117,11,Northern Ireland,378
142,NJ,02202,9,Northern Ireland,378
142,NJ,02001,6,Northern Ireland,378
254,DE,00104,164,"Other Asia, Not Specified",376
254,PA,03014,50,"Other Asia, Not Specified",376
254,PA,03224,38,"Other Asia, Not Specified",376
254,PA,03115,36,"Other Asia, Not Specified",376
254,PA,03230,27,"Other Asia, Not Specified",376
254,PA,03415,21,"Other Asia, Not Specified",376
254,DE,00102,15,"Other Asia, Not Specified",376
254,PA,03413,10,"Other Asia, Not Specified",376
254,PA,03116,8,"Other Asia, Not Specified",376
254,PA,03411,7,"Other Asia, Not Specified",376
200,NJ,02101,128,Afghanistan,366
200,NJ,02104,105,Afghanistan,366
200,DE,00105,41,Afghanistan,366
200,PA,03116,34,Afghanistan,366
200,PA,03221,29,Afghanistan,366
200,PA,03414,29,Afghanistan,366
169,PA,03221,185,"Other Europe, Not Specified",354
169,PA,03231,36,"Other Europe, Not Specified",354
169,NJ,02001,24,"Other Europe, Not Specified",354
169,NJ,02103,24,"Other Europe, Not Specified",354
169,PA,03116,23,"Other Europe, Not Specified",354
169,NJ,02501,22,"Other Europe, Not Specified",354
169,PA,03012,18,"Other Europe, Not Specified",354
169,PA,03115,12,"Other Europe, Not Specified",354
169,NJ,02002,10,"Other Europe, Not Specified",354
228,PA,03231,292,Mongolia,326
228,PA,03221,19,Mongolia,326
228,DE,00104,15,Mongolia,326
103,PA,03227,99,Belgium,321
103,PA,03012,78,Belgium,321
103,DE,00103,37,Belgium,321
103,PA,03014,28,Belgium,321
103,PA,03228,23,Belgium,321
103,NJ,02104,19,Belgium,321
103,NJ,02501,16,Belgium,321
103,PA,03314,11,Belgium,321
103,PA,03117,10,Belgium,321
459,PA,03311,112,Democratic Republic of Congo (Zaire),308
459,NJ,02103,71,Democratic Republic of Congo (Zaire),308
459,PA,03230,54,Democratic Republic of Congo (Zaire),308
459,PA,03113,35,Democratic Republic of Congo (Zaire),308
459,NJ,02104,25,Democratic Republic of Congo (Zaire),308
459,PA,03112,11,Democratic Republic of Congo (Zaire),308
156,PA,03221,111,Latvia,304
156,PA,03013,49,Latvia,304
156,DE,00101,41,Latvia,304
156,NJ,02003,32,Latvia,304
156,PA,03412,27,Latvia,304
156,PA,03230,24,Latvia,304
156,PA,03216,20,Latvia,304
216,NJ,02002,48,Jordan,303
216,NJ,02201,33,Jordan,303
216,NJ,02103,31,Jordan,303
216,PA,03222,29,Jordan,303
216,PA,03228,29,Jordan,303
216,DE,00103,27,Jordan,303
216,PA,03116,25,Jordan,303
216,NJ,02101,22,Jordan,303
216,PA,03230,22,Jordan,303
216,DE,00101,16,Jordan,303
216,PA,03412,14,Jordan,303
216,DE,00104,7,Jordan,303
340,PA,03216,101,St. Vincent and the Grenadines,298
340,DE,00101,54,St. Vincent and the Grenadines,298
340,PA,03229,47,St. Vincent and the Grenadines,298
340,NJ,02001,33,St. Vincent and the Grenadines,298
340,PA,03314,21,St. Vincent and the Grenadines,298
340,PA,03227,18,St. Vincent and the Grenadines,298
340,PA,03312,13,St. Vincent and the Grenadines,298
340,DE,00103,7,St. Vincent and the Grenadines,298
340,DE,00102,4,St. Vincent and the Grenadines,298
253,PA,03221,225,"South Central Asia, Not Specified",297
253,DE,00104,63,"South Central Asia, Not Specified",297
137,NJ,02003,61,Switzerland,297
137,PA,03230,35,Switzerland,297
137,PA,03216,33,Switzerland,297
137,PA,03116,26,Switzerland,297
137,PA,03311,26,Switzerland,297
137,DE,00102,23,Switzerland,297
137,NJ,02102,20,Switzerland,297
137,PA,03415,20,Switzerland,297
137,PA,03312,18,Switzerland,297
137,PA,03411,13,Switzerland,297
137,NJ,02002,11,Switzerland,297
137,PA,03117,11,Switzerland,297
253,PA,03112,9,"South Central Asia, Not Specified",297
150,NJ,02002,85,Bosnia and Herzegovina,293
150,PA,03015,57,Bosnia and Herzegovina,293
150,PA,03115,43,Bosnia and Herzegovina,293
150,PA,03116,43,Bosnia and Herzegovina,293
150,PA,03413,38,Bosnia and Herzegovina,293
150,PA,03311,27,Bosnia and Herzegovina,293
245,PA,03312,69,United Arab Emirates,292
245,PA,03230,41,United Arab Emirates,292
245,PA,03229,38,United Arab Emirates,292
245,PA,03412,38,United Arab Emirates,292
245,PA,03221,32,United Arab Emirates,292
245,PA,03222,28,United Arab Emirates,292
245,NJ,02104,26,United Arab Emirates,292
245,PA,03231,20,United Arab Emirates,292
457,PA,03314,105,Uganda,290
457,DE,00101,61,Uganda,290
457,PA,03114,30,Uganda,290
457,PA,03216,21,Uganda,290
457,PA,03312,18,Uganda,290
457,NJ,02001,13,Uganda,290
457,NJ,02003,13,Uganda,290
457,PA,03013,11,Uganda,290
457,PA,03229,11,Uganda,290
457,PA,03012,3,Uganda,290
457,PA,03228,2,Uganda,290
457,PA,03230,2,Uganda,290
151,PA,03311,83,Croatia,289
151,PA,03115,66,Croatia,289
151,PA,03227,26,Croatia,289
151,PA,03216,25,Croatia,289
151,PA,03414,25,Croatia,289
151,PA,03230,18,Croatia,289
151,PA,03222,15,Croatia,289
151,PA,03415,14,Croatia,289
151,NJ,02102,10,Croatia,289
151,NJ,02002,7,Croatia,289
222,NJ,02002,59,Kuwait,288
222,NJ,02201,36,Kuwait,288
222,NJ,02001,35,Kuwait,288
222,PA,03013,32,Kuwait,288
222,PA,03111,29,Kuwait,288
222,PA,03413,21,Kuwait,288
222,PA,03115,18,Kuwait,288
222,PA,03230,17,Kuwait,288
222,PA,03012,16,Kuwait,288
222,DE,00104,13,Kuwait,288
222,PA,03015,12,Kuwait,288
147,PA,03222,55,Yugoslavia,283
147,NJ,02104,43,Yugoslavia,283
147,PA,03221,42,Yugoslavia,283
147,NJ,02103,37,Yugoslavia,283
147,NJ,02002,32,Yugoslavia,283
147,PA,03228,20,Yugoslavia,283
147,PA,03414,17,Yugoslavia,283
147,NJ,02003,16,Yugoslavia,283
147,DE,00104,11,Yugoslavia,283
147,PA,03015,10,Yugoslavia,283
166,PA,03223,143,Europe,272
166,PA,03311,90,Europe,272
166,PA,03230,22,Europe,272
166,NJ,02103,12,Europe,272
166,NJ,02002,5,Europe,272
442,PA,03313,119,Rwanda,264
442,DE,00103,83,Rwanda,264
442,PA,03230,50,Rwanda,264
442,NJ,02201,12,Rwanda,264
127,PA,03231,103,Norway,238
127,PA,03412,46,Norway,238
127,PA,03230,29,Norway,238
127,PA,03311,29,Norway,238
127,PA,03116,16,Norway,238
127,NJ,02102,15,Norway,238
412,PA,03221,111,Congo,235
412,PA,03113,101,Congo,235
412,PA,03413,23,Congo,235
374,PA,03229,165,South America,220
374,PA,03311,27,South America,220
374,NJ,02001,16,South America,220
374,NJ,02003,12,South America,220
149,PA,03015,71,Slovakia,207
149,PA,03411,61,Slovakia,207
310,NJ,02202,41,Belize,207
310,MD,00700,40,Belize,207
149,PA,03116,31,Slovakia,207
310,NJ,02002,29,Belize,207
310,PA,03313,29,Belize,207
149,PA,03014,27,Slovakia,207
310,DE,00101,25,Belize,207
310,NJ,02001,22,Belize,207
149,PA,03111,17,Slovakia,207
310,PA,03113,11,Belize,207
310,NJ,02101,10,Belize,207
469,PA,03117,89,"Eastern Africa, Not Specified",203
469,PA,03221,42,"Eastern Africa, Not Specified",203
469,PA,03012,23,"Eastern Africa, Not Specified",203
469,DE,00101,19,"Eastern Africa, Not Specified",203
469,PA,03415,16,"Eastern Africa, Not Specified",203
469,PA,03313,14,"Eastern Africa, Not Specified",203
515,PA,03223,45,New Zealand,198
515,PA,03412,42,New Zealand,198
515,PA,03230,39,New Zealand,198
515,PA,03015,27,New Zealand,198
515,NJ,02001,14,New Zealand,198
515,PA,03116,14,New Zealand,198
515,PA,03216,10,New Zealand,198
515,PA,03414,4,New Zealand,198
515,PA,03411,3,New Zealand,198
300,PA,03115,51,Bermuda,196
300,DE,00105,37,Bermuda,196
300,NJ,02104,31,Bermuda,196
300,MD,00700,25,Bermuda,196
300,NJ,02501,25,Bermuda,196
300,DE,00101,22,Bermuda,196
300,NJ,02102,5,Bermuda,196
448,PA,03227,73,Somalia,185
448,PA,03413,64,Somalia,185
448,NJ,02202,48,Somalia,185
339,PA,03224,81,St. Lucia,183
339,PA,03227,61,St. Lucia,183
339,NJ,02201,30,St. Lucia,183
339,NJ,02003,11,St. Lucia,183
152,NJ,02002,98,Macedonia,179
152,PA,03230,81,Macedonia,179
369,PA,03117,95,Paraguay,158
321,NJ,02002,47,Antigua and Barbuda,158
321,PA,03224,31,Antigua and Barbuda,158
369,PA,03111,30,Paraguay,158
321,PA,03216,28,Antigua and Barbuda,158
369,PA,03112,25,Paraguay,158
321,NJ,02103,20,Antigua and Barbuda,158
321,PA,03229,20,Antigua and Barbuda,158
321,NJ,02201,12,Antigua and Barbuda,158
369,PA,03116,5,Paraguay,158
369,PA,03313,3,Paraguay,158
399,PA,03112,70,"Americas, Not Specified",154
399,NJ,02103,42,"Americas, Not Specified",154
399,PA,03224,36,"Americas, Not Specified",154
399,NJ,02102,3,"Americas, Not Specified",154
399,PA,03011,3,"Americas, Not Specified",154
444,PA,03229,75,Senegal,150
444,PA,03312,28,Senegal,150
444,PA,03230,25,Senegal,150
444,PA,03227,22,Senegal,150
203,PA,03222,94,Bhutan,148
203,PA,03230,54,Bhutan,148
461,DE,00102,56,Zimbabwe,138
461,PA,03311,28,Zimbabwe,138
461,PA,03013,24,Zimbabwe,138
461,PA,03414,19,Zimbabwe,138
461,NJ,02202,11,Zimbabwe,138
106,PA,03115,38,Denmark,136
106,PA,03415,31,Denmark,136
106,PA,03411,19,Denmark,136
106,PA,03412,16,Denmark,136
106,PA,03113,15,Denmark,136
106,PA,03314,10,Denmark,136
106,PA,03413,4,Denmark,136
106,PA,03011,3,Denmark,136
453,PA,03312,102,Tanzania,129
453,PA,03411,25,Tanzania,129
453,DE,00104,2,Tanzania,129
554,PA,03229,93,"Other US Island Areas, Oceania, Not Specified, or at Sea",121
554,PA,03114,28,"Other US Island Areas, Oceania, Not Specified, or at Sea",121
108,PA,03216,32,Finland,116
108,PA,03413,27,Finland,116
108,NJ,02001,22,Finland,116
108,NJ,02104,17,Finland,116
108,PA,03114,15,Finland,116
108,NJ,02003,3,Finland,116
460,PA,03227,39,Zambia,114
460,NJ,02003,31,Zambia,114
460,PA,03013,22,Zambia,114
460,PA,03113,22,Zambia,114
323,PA,03313,43,Bahamas,110
323,PA,03227,33,Bahamas,110
323,DE,00102,23,Bahamas,110
323,PA,03111,11,Bahamas,110
328,NJ,02104,31,Dominica,103
328,PA,03222,21,Dominica,103
328,PA,03411,17,Dominica,103
328,NJ,02002,16,Dominica,103
328,NJ,02101,16,Dominica,103
328,NJ,02003,2,Dominica,103
417,DE,00104,57,Eritrea,83
417,PA,03227,15,Eritrea,83
417,PA,03115,11,Eritrea,83
430,PA,03312,60,Libya,60
338,NJ,02101,29,St. Kitts-Nevis,52
338,PA,03228,23,St. Kitts-Nevis,52
118,DE,00101,25,Iceland,49
118,PA,03412,17,Iceland,49
118,NJ,02003,7,Iceland,49
343,NJ,02102,22,West Indies,22
408,MD,00700,11,Cabo Verde,21
408,DE,00104,10,Cabo Verde,21
168,NJ,02003,20,Montenegro,20
508,PA,03231,13,Fiji,13
