iso3,country,pct,lon,lat
CHN,China,14,104.2,35.9
IND,India,7,78.9,20.6
DOM,Dominican Republic,7,-70.2,18.7
VNM,Vietnam,6,108.3,14.1
MEX,Mexico,4,-102.5,23.6
JAM,Jamaica,3.5,-77.3,18.1
UKR,Ukraine,3,31.2,48.4
HTI,Haiti,2.5,-72.3,19.0
LBR,Liberia,2.5,-9.4,6.4
KOR,Korea,2,127.8,35.9
PHL,Philippines,2,121.8,12.9
BRA,Brazil,2,-51.9,-14.2
NGA,Nigeria,1.8,8.7,9.1
ITA,Italy,1.5,12.6,41.9
RUS,Russia,1.5,105.3,61.5
GTM,Guatemala,1.4,-90.2,15.8
PAK,Pakistan,1.3,69.3,30.4
BGD,Bangladesh,1.2,90.4,23.7
CMR,Cameroon,1,12.4,7.4
GBR,United Kingdom,1,-3.4,55.4
